Optimizer,ModelType,Round_Fold,Client,Epoch,TimeSec,TrainAcc,ValAcc,TrainLoss,ValLoss,LR
Adagrad,FEDERATED CNN,1,1,1,19.80952954,0.5004374385,0.2638036907,1.343690753,2.29737258,0.001000000047
Adagrad,FEDERATED CNN,1,1,2,6.223229408,0.6062992215,0.2638036907,1.036046624,2.29737258,0.001000000047
Adagrad,FEDERATED CNN,1,1,3,6.180118322,0.6447944045,0.2638036907,0.9389234185,2.29737258,0.001000000047
Adagrad,FEDERATED CNN,1,1,4,6.127594233,0.6911635995,0.2638036907,0.8442609906,2.29737258,0.001000000047
Adagrad,FEDERATED CNN,1,1,5,6.174046993,0.688538909,0.2638036907,0.8236036897,2.29737258,0.001000000047
Adagrad,FEDERATED CNN,1,1,6,6.123691082,0.7130358815,0.2638036907,0.743621707,2.29737258,0.001000000047
Adagrad,FEDERATED CNN,1,2,1,17.54955339,0.524934411,0.2638036907,1.395573497,2.29737258,0.001000000047
Adagrad,FEDERATED CNN,1,2,2,6.017501354,0.6290463805,0.2638036907,1.029439211,2.29737258,0.001000000047
Adagrad,FEDERATED CNN,1,2,3,5.588773727,0.685914278,0.2638036907,0.8713485599,2.29737258,0.001000000047
Adagrad,FEDERATED CNN,1,2,4,5.659865618,0.686789155,0.2638036907,0.8743606806,2.29737258,0.001000000047
Adagrad,FEDERATED CNN,1,2,5,5.688379526,0.695538044,0.2638036907,0.8503981829,2.29737258,0.001000000047
Adagrad,FEDERATED CNN,1,2,6,5.688313246,0.696412921,0.2638036907,0.8128457069,2.29737258,0.001000000047
Adagrad,FEDERATED CNN,1,3,1,19.45747757,0.5148861408,0.2638036907,1.361331344,2.29737258,0.001000000047
Adagrad,FEDERATED CNN,1,3,2,5.726718664,0.633099854,0.2638036907,1.033905268,2.29737258,0.001000000047
Adagrad,FEDERATED CNN,1,3,3,5.703685045,0.6768826842,0.2638036907,0.868434608,2.29737258,0.001000000047
Adagrad,FEDERATED CNN,1,3,4,5.806016207,0.6900175214,0.2638036907,0.8764097691,2.29737258,0.001000000047
Adagrad,FEDERATED CNN,1,3,5,5.732072592,0.7162871957,0.2638036907,0.7947532535,2.29737258,0.001000000047
Adagrad,FEDERATED CNN,1,3,6,5.741753101,0.7180384994,0.2638036907,0.7878798842,2.29737258,0.001000000047
Adagrad,FEDERATED CNN,1,4,1,17.67335606,0.5070052743,0.2638036907,1.336256504,2.29737258,0.001000000047
Adagrad,FEDERATED CNN,1,4,2,5.481354713,0.6138353944,0.2638036907,1.03017199,2.29737258,0.001000000047
Adagrad,FEDERATED CNN,1,4,3,5.724434137,0.6488616467,0.2638036907,0.9409834146,2.29737258,0.001000000047
Adagrad,FEDERATED CNN,1,4,4,5.772354364,0.6961470842,0.2638036907,0.8343648314,2.29737258,0.001000000047
Adagrad,FEDERATED CNN,1,4,5,5.777220726,0.6961470842,0.2638036907,0.790676415,2.29737258,0.001000000047
Adagrad,FEDERATED CNN,1,4,6,5.774074316,0.7294220924,0.2638036907,0.729190588,2.29737258,0.001000000047
Adagrad,FEDERATED CNN,1,5,1,17.47298908,0.5201401114,0.2638036907,1.330489516,2.29737258,0.001000000047
Adagrad,FEDERATED CNN,1,5,2,5.670338392,0.6278458834,0.2638036907,1.017042756,2.29737258,0.001000000047
Adagrad,FEDERATED CNN,1,5,3,5.739700317,0.6558669209,0.2638036907,0.9123652577,2.29737258,0.001000000047
Adagrad,FEDERATED CNN,1,5,4,5.541404009,0.7031523585,0.2638036907,0.8175429106,2.29737258,0.001000000047
Adagrad,FEDERATED CNN,1,5,5,5.557827711,0.6917688251,0.2638036907,0.8216798306,2.29737258,0.001000000047
Adagrad,FEDERATED CNN,1,5,6,5.540736198,0.7084063292,0.2638036907,0.7508485317,2.29737258,0.001000000047
Adagrad,FEDERATED CNN,2,1,1,16.98842335,0.6762904525,0.4487291873,0.8632881641,1.639746428,0.001000000047
Adagrad,FEDERATED CNN,2,1,2,5.714191675,0.7217847705,0.4487291873,0.7341563106,1.639746428,0.001000000047
Adagrad,FEDERATED CNN,2,1,3,5.776281118,0.71916008,0.4487291873,0.742567718,1.639746428,0.001000000047
Adagrad,FEDERATED CNN,2,1,4,5.761934996,0.74715662,0.4487291873,0.6651101708,1.639746428,0.001000000047
Adagrad,FEDERATED CNN,2,1,5,5.726207018,0.7681539655,0.4487291873,0.6303723454,1.639746428,0.001000000047
Adagrad,FEDERATED CNN,2,1,6,5.542571068,0.7672790885,0.4487291873,0.6488547325,1.639746428,0.001000000047
Adagrad,FEDERATED CNN,2,2,1,17.34648418,0.678915143,0.4487291873,0.8779091835,1.639746428,0.001000000047
Adagrad,FEDERATED CNN,2,2,2,5.476101398,0.711286068,0.4487291873,0.8070778251,1.639746428,0.001000000047
Adagrad,FEDERATED CNN,2,2,3,5.718222857,0.746281743,0.4487291873,0.7207394242,1.639746428,0.001000000047
Adagrad,FEDERATED CNN,2,2,4,5.764242172,0.755905509,0.4487291873,0.641367197,1.639746428,0.001000000047
Adagrad,FEDERATED CNN,2,2,5,5.757828712,0.7602799535,0.4487291873,0.6324891448,1.639746428,0.001000000047
Adagrad,FEDERATED CNN,2,2,6,5.654257774,0.764654398,0.4487291873,0.6767935753,1.639746428,0.001000000047
Adagrad,FEDERATED CNN,2,3,1,17.94010973,0.705779314,0.4487291873,0.8401837945,1.639746428,0.001000000047
Adagrad,FEDERATED CNN,2,3,2,5.454488754,0.7162871957,0.4487291873,0.7989419103,1.639746428,0.001000000047
Adagrad,FEDERATED CNN,2,3,3,5.488791704,0.7416812778,0.4487291873,0.7166556716,1.639746428,0.001000000047
Adagrad,FEDERATED CNN,2,3,4,5.834520102,0.7539404631,0.4487291873,0.6876019835,1.639746428,0.001000000047
Adagrad,FEDERATED CNN,2,3,5,5.736326933,0.737302959,0.4487291873,0.7063574791,1.639746428,0.001000000047
Adagrad,FEDERATED CNN,2,3,6,5.741365433,0.7609457374,0.4487291873,0.6657550335,1.639746428,0.001000000047
Adagrad,FEDERATED CNN,2,4,1,17.49946308,0.7119089365,0.4487291873,0.8223012686,1.639746428,0.001000000047
Adagrad,FEDERATED CNN,2,4,2,5.418909311,0.6795096397,0.4487291873,0.819573164,1.639746428,0.001000000047
Adagrad,FEDERATED CNN,2,4,3,5.75894022,0.7346760035,0.4487291873,0.7402648926,1.639746428,0.001000000047
Adagrad,FEDERATED CNN,2,4,4,5.762916565,0.7460595369,0.4487291873,0.6802147031,1.639746428,0.001000000047
Adagrad,FEDERATED CNN,2,4,5,5.751970768,0.7609457374,0.4487291873,0.6873025298,1.639746428,0.001000000047
Adagrad,FEDERATED CNN,2,4,6,5.845018625,0.7644483447,0.4487291873,0.6394382715,1.639746428,0.001000000047
Adagrad,FEDERATED CNN,2,5,1,17.73361945,0.6725043654,0.4487291873,0.871052742,1.639746428,0.001000000047
Adagrad,FEDERATED CNN,2,5,2,5.726925611,0.7162871957,0.4487291873,0.7600252032,1.639746428,0.001000000047
Adagrad,FEDERATED CNN,2,5,3,5.695085049,0.7276707292,0.4487291873,0.7033705711,1.639746428,0.001000000047
Adagrad,FEDERATED CNN,2,5,4,5.53806448,0.7267950773,0.4487291873,0.7244682908,1.639746428,0.001000000047
Adagrad,FEDERATED CNN,2,5,5,5.676375389,0.7504378557,0.4487291873,0.6591277719,1.639746428,0.001000000047
Adagrad,FEDERATED CNN,2,5,6,5.70288682,0.7618213892,0.4487291873,0.6267505884,1.639746428,0.001000000047
Adagrad,FEDERATED CNN,3,1,1,17.34944439,0.74715662,0.4662576616,0.7212283611,1.663606048,0.001000000047
Adagrad,FEDERATED CNN,3,1,2,5.778459549,0.7760279775,0.4662576616,0.6166833639,1.663606048,0.001000000047
Adagrad,FEDERATED CNN,3,1,3,5.766268015,0.779527545,0.4662576616,0.6486126184,1.663606048,0.001000000047
Adagrad,FEDERATED CNN,3,1,4,5.767619133,0.7891513705,0.4662576616,0.6047363877,1.663606048,0.001000000047
Adagrad,FEDERATED CNN,3,1,5,5.790890217,0.795275569,0.4662576616,0.5769747496,1.663606048,0.001000000047
Adagrad,FEDERATED CNN,3,1,6,5.83039403,0.7891513705,0.4662576616,0.5889570713,1.663606048,0.001000000047
Adagrad,FEDERATED CNN,3,2,1,17.43587899,0.74715662,0.4662576616,0.7115289569,1.663606048,0.001000000047
Adagrad,FEDERATED CNN,3,2,2,5.788792133,0.769903779,0.4662576616,0.6510810256,1.663606048,0.001000000047
Adagrad,FEDERATED CNN,3,2,3,5.75249815,0.787401557,0.4662576616,0.6272621751,1.663606048,0.001000000047
Adagrad,FEDERATED CNN,3,2,4,5.752762318,0.787401557,0.4662576616,0.5445116758,1.663606048,0.001000000047
Adagrad,FEDERATED CNN,3,2,5,5.763072014,0.7812773585,0.4662576616,0.5985261202,1.663606048,0.001000000047
Adagrad,FEDERATED CNN,3,2,6,5.618524551,0.7996500731,0.4662576616,0.5356381536,1.663606048,0.001000000047
Adagrad,FEDERATED CNN,3,3,1,17.86843824,0.7434325814,0.4662576616,0.7303179502,1.663606048,0.001000000047
Adagrad,FEDERATED CNN,3,3,2,5.514179707,0.7311733961,0.4662576616,0.7246029377,1.663606048,0.001000000047
Adagrad,FEDERATED CNN,3,3,3,5.744659185,0.7635726929,0.4662576616,0.6614887118,1.663606048,0.001000000047
Adagrad,FEDERATED CNN,3,3,4,5.67528224,0.785464108,0.4662576616,0.5915301442,1.663606048,0.001000000047
Adagrad,FEDERATED CNN,3,3,5,5.794221401,0.7977232933,0.4662576616,0.5852829218,1.663606048,0.001000000047
Adagrad,FEDERATED CNN,3,3,6,5.823601961,0.7950963378,0.4662576616,0.5841206312,1.663606048,0.001000000047
Adagrad,FEDERATED CNN,3,4,1,18.03544641,0.7451838851,0.4662576616,0.73068434,1.663606048,0.001000000047
Adagrad,FEDERATED CNN,3,4,2,5.53356266,0.7653239965,0.4662576616,0.671423018,1.663606048,0.001000000047
Adagrad,FEDERATED CNN,3,4,3,5.786901474,0.790718019,0.4662576616,0.5711141229,1.663606048,0.001000000047
Adagrad,FEDERATED CNN,3,4,4,5.753890038,0.7880910635,0.4662576616,0.5929234624,1.663606048,0.001000000047
Adagrad,FEDERATED CNN,3,4,5,5.760742903,0.7837128043,0.4662576616,0.5816769004,1.663606048,0.001000000047
Adagrad,FEDERATED CNN,3,4,6,5.760154724,0.8108581305,0.4662576616,0.5242961645,1.663606048,0.0005000000237
Adagrad,FEDERATED CNN,3,5,1,17.78505349,0.7513135076,0.4662576616,0.6856202483,1.663606048,0.001000000047
Adagrad,FEDERATED CNN,3,5,2,5.418820381,0.7775831819,0.4662576616,0.6359423399,1.663606048,0.001000000047
Adagrad,FEDERATED CNN,3,5,3,5.716442823,0.785464108,0.4662576616,0.6209033132,1.663606048,0.001000000047
Adagrad,FEDERATED CNN,3,5,4,5.699143887,0.7819615006,0.4662576616,0.5682681799,1.663606048,0.001000000047
Adagrad,FEDERATED CNN,3,5,5,5.623450994,0.7889667153,0.4662576616,0.5888277292,1.663606048,0.001000000047
Adagrad,FEDERATED CNN,3,5,6,5.93919301,0.7924693227,0.4662576616,0.552475512,1.663606048,0.001000000047
Adagrad,FEDERATED CNN,4,1,1,17.34315395,0.8048993945,0.49868536,0.5385087132,1.676647902,0.001000000047
Adagrad,FEDERATED CNN,4,1,2,5.514941931,0.787401557,0.49868536,0.6075780392,1.676647902,0.001000000047
Adagrad,FEDERATED CNN,4,1,3,5.617880344,0.8197725415,0.49868536,0.5404065847,1.676647902,0.001000000047
Adagrad,FEDERATED CNN,4,1,4,5.831814051,0.82589674,0.49868536,0.4886423945,1.676647902,0.0005000000237
Adagrad,FEDERATED CNN,4,1,5,5.799462318,0.825021863,0.49868536,0.5059012175,1.676647902,0.0005000000237
Adagrad,FEDERATED CNN,4,1,6,5.513535261,0.833770752,0.49868536,0.4825235605,1.676647902,0.0005000000237
Adagrad,FEDERATED CNN,4,2,1,17.39083099,0.801399827,0.49868536,0.5994771719,1.676647902,0.001000000047
Adagrad,FEDERATED CNN,4,2,2,5.756411552,0.785651803,0.49868536,0.5864440799,1.676647902,0.001000000047
Adagrad,FEDERATED CNN,4,2,3,5.485797167,0.807524085,0.49868536,0.5285092592,1.676647902,0.001000000047
Adagrad,FEDERATED CNN,4,2,4,5.775397301,0.8145231605,0.49868536,0.5132911205,1.676647902,0.001000000047
Adagrad,FEDERATED CNN,4,2,5,5.760851622,0.825021863,0.49868536,0.5040835738,1.676647902,0.001000000047
Adagrad,FEDERATED CNN,4,2,6,5.868469,0.818022728,0.49868536,0.505980134,1.676647902,0.001000000047
Adagrad,FEDERATED CNN,4,3,1,17.92783976,0.7889667153,0.49868536,0.5652210712,1.676647902,0.001000000047
Adagrad,FEDERATED CNN,4,3,2,5.754458904,0.7915936708,0.49868536,0.5884240866,1.676647902,0.001000000047
Adagrad,FEDERATED CNN,4,3,3,5.732866526,0.8064798713,0.49868536,0.5444532633,1.676647902,0.001000000047
Adagrad,FEDERATED CNN,4,3,4,5.764433861,0.8038529158,0.49868536,0.5451387763,1.676647902,0.001000000047
Adagrad,FEDERATED CNN,4,3,5,5.687191725,0.8336251974,0.49868536,0.4861509502,1.676647902,0.001000000047
Adagrad,FEDERATED CNN,4,3,6,5.775736809,0.8266199827,0.49868536,0.4713555276,1.676647902,0.001000000047
Adagrad,FEDERATED CNN,4,4,1,18.04474044,0.8152364492,0.49868536,0.5720338225,1.676647902,0.001000000047
Adagrad,FEDERATED CNN,4,4,2,5.776096106,0.8047285676,0.49868536,0.5590104461,1.676647902,0.001000000047
Adagrad,FEDERATED CNN,4,4,3,5.770576477,0.8047285676,0.49868536,0.5472046137,1.676647902,0.001000000047
Adagrad,FEDERATED CNN,4,4,4,5.403006077,0.7985989451,0.49868536,0.5449115038,1.676647902,0.001000000047
Adagrad,FEDERATED CNN,4,4,5,5.63987875,0.8003502488,0.49868536,0.5582459569,1.676647902,0.001000000047
Adagrad,FEDERATED CNN,4,4,6,5.9801085,0.8108581305,0.49868536,0.4942813516,1.676647902,0.001000000047
Adagrad,FEDERATED CNN,4,5,1,17.85253644,0.7810857892,0.49868536,0.6351013184,1.676647902,0.001000000047
Adagrad,FEDERATED CNN,4,5,2,5.570651054,0.7810857892,0.49868536,0.5845486522,1.676647902,0.001000000047
Adagrad,FEDERATED CNN,4,5,3,5.615223169,0.8117337823,0.49868536,0.5153394938,1.676647902,0.001000000047
Adagrad,FEDERATED CNN,4,5,4,5.703255653,0.794220686,0.49868536,0.5310316682,1.676647902,0.001000000047
Adagrad,FEDERATED CNN,4,5,5,5.328795433,0.8082311749,0.49868536,0.5184960365,1.676647902,0.001000000047
Adagrad,FEDERATED CNN,4,5,6,5.555011034,0.8187390566,0.49868536,0.4954784811,1.676647902,0.0005000000237
Adagrad,FEDERATED CNN,5,1,1,17.5068686,0.7970253825,0.4934268296,0.552310288,1.75630331,0.001000000047
Adagrad,FEDERATED CNN,5,1,2,5.777212858,0.815398097,0.4934268296,0.5410612226,1.75630331,0.001000000047
Adagrad,FEDERATED CNN,5,1,3,5.736940384,0.838145256,0.4934268296,0.4594029188,1.75630331,0.001000000047
Adagrad,FEDERATED CNN,5,1,4,5.617154837,0.8285214305,0.4934268296,0.4874069989,1.75630331,0.001000000047
Adagrad,FEDERATED CNN,5,1,5,5.771484375,0.830271244,0.4934268296,0.4825689793,1.75630331,0.001000000047
Adagrad,FEDERATED CNN,5,1,6,5.962173223,0.848643899,0.4934268296,0.3971880078,1.75630331,0.0005000000237
Adagrad,FEDERATED CNN,5,2,1,16.99955153,0.832020998,0.4934268296,0.4703850746,1.75630331,0.001000000047
Adagrad,FEDERATED CNN,5,2,2,5.745507002,0.818022728,0.4934268296,0.5242219567,1.75630331,0.001000000047
Adagrad,FEDERATED CNN,5,2,3,5.768621922,0.8276465535,0.4934268296,0.4696255326,1.75630331,0.001000000047
Adagrad,FEDERATED CNN,5,2,4,5.701674938,0.8293963075,0.4934268296,0.5164429545,1.75630331,0.001000000047
Adagrad,FEDERATED CNN,5,2,5,5.54650569,0.830271244,0.4934268296,0.4667202532,1.75630331,0.001000000047
Adagrad,FEDERATED CNN,5,2,6,5.794528484,0.8442694545,0.4934268296,0.4349850416,1.75630331,0.001000000047
Adagrad,FEDERATED CNN,5,3,1,18.06956434,0.8266199827,0.4934268296,0.5241174102,1.75630331,0.001000000047
Adagrad,FEDERATED CNN,5,3,2,5.575928688,0.7959719896,0.4934268296,0.5313276649,1.75630331,0.001000000047
Adagrad,FEDERATED CNN,5,3,3,5.792440176,0.813485086,0.4934268296,0.5338990688,1.75630331,0.001000000047
Adagrad,FEDERATED CNN,5,3,4,5.788937092,0.824868679,0.4934268296,0.4948574305,1.75630331,0.0005000000237
Adagrad,FEDERATED CNN,5,3,5,5.855576277,0.8204903603,0.4934268296,0.4798594117,1.75630331,0.0005000000237
Adagrad,FEDERATED CNN,5,3,6,5.861502171,0.8318738937,0.4934268296,0.4719564319,1.75630331,0.0005000000237
Adagrad,FEDERATED CNN,5,4,1,17.94613457,0.8073555231,0.4934268296,0.5235926509,1.75630331,0.001000000047
Adagrad,FEDERATED CNN,5,4,2,5.692497253,0.8301225901,0.4934268296,0.4857960641,1.75630331,0.001000000047
Adagrad,FEDERATED CNN,5,4,3,5.763243437,0.8292469382,0.4934268296,0.5058327317,1.75630331,0.001000000047
Adagrad,FEDERATED CNN,5,4,4,5.793187618,0.8327495456,0.4934268296,0.4960950911,1.75630331,0.001000000047
Adagrad,FEDERATED CNN,5,4,5,5.785912275,0.8274956346,0.4934268296,0.4899426699,1.75630331,0.0005000000237
Adagrad,FEDERATED CNN,5,5,1,17.7520709,0.7915936708,0.4934268296,0.5496040583,1.75630331,0.001000000047
Adagrad,FEDERATED CNN,5,5,2,5.735019207,0.8196147084,0.4934268296,0.4871297479,1.75630331,0.001000000047
Adagrad,FEDERATED CNN,5,5,3,5.675842524,0.8056042194,0.4934268296,0.509529233,1.75630331,0.001000000047
Adagrad,FEDERATED CNN,5,5,4,5.735777855,0.824868679,0.4934268296,0.4688266516,1.75630331,0.001000000047
Adagrad,FEDERATED CNN,5,5,5,5.789762259,0.8222416639,0.4934268296,0.4959290326,1.75630331,0.001000000047
Adagrad,FEDERATED CNN,5,5,6,5.54636097,0.8327495456,0.4934268296,0.4553551376,1.75630331,0.001000000047
Adagrad,FEDERATED QUANTUM CNN,1,1,1,20.85628605,0.3420822322,0.2620508373,1.343716264,1.41233182,0.001000000047
Adagrad,FEDERATED QUANTUM CNN,1,1,2,5.738938808,0.4103237092,0.2620508373,1.274739742,1.41233182,0.001000000047
Adagrad,FEDERATED QUANTUM CNN,1,1,3,5.724131823,0.4706911743,0.2620508373,1.222817302,1.41233182,0.001000000047
Adagrad,FEDERATED QUANTUM CNN,1,1,4,5.717952967,0.5083114505,0.2620508373,1.20217979,1.41233182,0.001000000047
Adagrad,FEDERATED QUANTUM CNN,1,1,5,5.702991247,0.5310586095,0.2620508373,1.177077532,1.41233182,0.001000000047
Adagrad,FEDERATED QUANTUM CNN,1,1,6,5.762360334,0.55905509,0.2620508373,1.154614687,1.41233182,0.001000000047
Adagrad,FEDERATED QUANTUM CNN,1,2,1,18.55910134,0.2475940436,0.2620508373,1.373407364,1.41233182,0.001000000047
Adagrad,FEDERATED QUANTUM CNN,1,2,2,5.650481224,0.2808398902,0.2620508373,1.346614122,1.41233182,0.001000000047
Adagrad,FEDERATED QUANTUM CNN,1,2,3,5.468126059,0.412073493,0.2620508373,1.275091648,1.41233182,0.001000000047
Adagrad,FEDERATED QUANTUM CNN,1,2,4,5.685228109,0.496937871,0.2620508373,1.214664817,1.41233182,0.001000000047
Adagrad,FEDERATED QUANTUM CNN,1,2,5,5.704684258,0.535433054,0.2620508373,1.184842229,1.41233182,0.001000000047
Adagrad,FEDERATED QUANTUM CNN,1,2,6,5.553367853,0.557305336,0.2620508373,1.170636296,1.41233182,0.001000000047
Adagrad,FEDERATED QUANTUM CNN,1,3,1,21.50518751,0.2889667153,0.2620508373,1.377218723,1.41233182,0.001000000047
Adagrad,FEDERATED QUANTUM CNN,1,3,2,5.668250561,0.380035013,0.2620508373,1.315003037,1.41233182,0.001000000047
Adagrad,FEDERATED QUANTUM CNN,1,3,3,5.272825956,0.4474605918,0.2620508373,1.269454837,1.41233182,0.001000000047
Adagrad,FEDERATED QUANTUM CNN,1,3,4,5.422312737,0.5008756518,0.2620508373,1.225530982,1.41233182,0.001000000047
Adagrad,FEDERATED QUANTUM CNN,1,3,5,5.671448946,0.5280210376,0.2620508373,1.204974294,1.41233182,0.001000000047
Adagrad,FEDERATED QUANTUM CNN,1,3,6,5.541861773,0.55341506,0.2620508373,1.193506718,1.41233182,0.001000000047
Adagrad,FEDERATED QUANTUM CNN,1,4,1,19.21775532,0.2880910635,0.2620508373,1.357944369,1.41233182,0.001000000047
Adagrad,FEDERATED QUANTUM CNN,1,4,2,5.679281473,0.3476357162,0.2620508373,1.304317236,1.41233182,0.001000000047
Adagrad,FEDERATED QUANTUM CNN,1,4,3,5.475992203,0.4176882803,0.2620508373,1.269097447,1.41233182,0.001000000047
Adagrad,FEDERATED QUANTUM CNN,1,4,4,5.660826445,0.4273204803,0.2620508373,1.252767205,1.41233182,0.001000000047
Adagrad,FEDERATED QUANTUM CNN,1,4,5,5.63114953,0.4754815996,0.2620508373,1.222904205,1.41233182,0.001000000047
Adagrad,FEDERATED QUANTUM CNN,1,4,6,5.717855453,0.5070052743,0.2620508373,1.20439899,1.41233182,0.001000000047
Adagrad,FEDERATED QUANTUM CNN,1,5,1,19.376647,0.3415061235,0.2620508373,1.332287073,1.41233182,0.001000000047
Adagrad,FEDERATED QUANTUM CNN,1,5,2,5.535536289,0.4089317024,0.2620508373,1.282861352,1.41233182,0.001000000047
Adagrad,FEDERATED QUANTUM CNN,1,5,3,5.6664505,0.4702276587,0.2620508373,1.23704505,1.41233182,0.001000000047
Adagrad,FEDERATED QUANTUM CNN,1,5,4,5.58270216,0.491243422,0.2620508373,1.214211345,1.41233182,0.001000000047
Adagrad,FEDERATED QUANTUM CNN,1,5,5,5.646553993,0.5070052743,0.2620508373,1.190696359,1.41233182,0.001000000047
Adagrad,FEDERATED QUANTUM CNN,1,5,6,5.406368256,0.5262696743,0.2620508373,1.174445152,1.41233182,0.001000000047
Adagrad,FEDERATED QUANTUM CNN,2,1,1,18.66499615,0.557305336,0.342681855,1.165614367,1.320541501,0.001000000047
Adagrad,FEDERATED QUANTUM CNN,2,1,2,5.542680264,0.5835520625,0.342681855,1.150864959,1.320541501,0.001000000047
Adagrad,FEDERATED QUANTUM CNN,2,1,3,5.737243891,0.595800519,0.342681855,1.1207093,1.320541501,0.001000000047
Adagrad,FEDERATED QUANTUM CNN,2,1,4,5.788810492,0.5783027411,0.342681855,1.11563313,1.320541501,0.001000000047
Adagrad,FEDERATED QUANTUM CNN,2,1,5,5.807847261,0.5984252095,0.342681855,1.108525515,1.320541501,0.001000000047
Adagrad,FEDERATED QUANTUM CNN,2,1,6,5.495874405,0.6132983565,0.342681855,1.092087626,1.320541501,0.001000000047
Adagrad,FEDERATED QUANTUM CNN,2,2,1,18.89261436,0.551181078,0.342681855,1.168242097,1.320541501,0.001000000047
Adagrad,FEDERATED QUANTUM CNN,2,2,2,5.356449366,0.5695537925,0.342681855,1.157241464,1.320541501,0.001000000047
Adagrad,FEDERATED QUANTUM CNN,2,2,3,5.210065842,0.581802249,0.342681855,1.13206315,1.320541501,0.001000000047
Adagrad,FEDERATED QUANTUM CNN,2,2,4,5.638232946,0.5905511975,0.342681855,1.121961594,1.320541501,0.001000000047
Adagrad,FEDERATED QUANTUM CNN,2,2,5,5.661447048,0.594050765,0.342681855,1.111933827,1.320541501,0.001000000047
Adagrad,FEDERATED QUANTUM CNN,2,2,6,5.336285591,0.608923912,0.342681855,1.088891745,1.320541501,0.001000000047
Adagrad,FEDERATED QUANTUM CNN,2,3,1,19.33312941,0.5429071784,0.342681855,1.18083322,1.320541501,0.001000000047
Adagrad,FEDERATED QUANTUM CNN,2,3,2,5.388762951,0.5735551715,0.342681855,1.154000044,1.320541501,0.001000000047
Adagrad,FEDERATED QUANTUM CNN,2,3,3,5.544536114,0.5683012009,0.342681855,1.144712687,1.320541501,0.001000000047
Adagrad,FEDERATED QUANTUM CNN,2,3,4,5.600646019,0.6042031646,0.342681855,1.121607184,1.320541501,0.001000000047
Adagrad,FEDERATED QUANTUM CNN,2,3,5,5.520843983,0.6190893054,0.342681855,1.10616374,1.320541501,0.001000000047
Adagrad,FEDERATED QUANTUM CNN,2,3,6,5.674461603,0.6392294168,0.342681855,1.08743906,1.320541501,0.001000000047
Adagrad,FEDERATED QUANTUM CNN,2,4,1,19.2944994,0.5429071784,0.342681855,1.169664383,1.320541501,0.001000000047
Adagrad,FEDERATED QUANTUM CNN,2,4,2,5.593589783,0.5297723413,0.342681855,1.176153421,1.320541501,0.001000000047
Adagrad,FEDERATED QUANTUM CNN,2,4,3,5.411478758,0.5639229417,0.342681855,1.145447731,1.320541501,0.001000000047
Adagrad,FEDERATED QUANTUM CNN,2,4,4,5.599509478,0.5744308233,0.342681855,1.138083816,1.320541501,0.001000000047
Adagrad,FEDERATED QUANTUM CNN,2,4,5,5.327397346,0.5875656605,0.342681855,1.111364126,1.320541501,0.001000000047
Adagrad,FEDERATED QUANTUM CNN,2,4,6,5.602381706,0.5971978903,0.342681855,1.123016834,1.320541501,0.001000000047
Adagrad,FEDERATED QUANTUM CNN,2,5,1,19.4531157,0.5516637564,0.342681855,1.173031569,1.320541501,0.001000000047
Adagrad,FEDERATED QUANTUM CNN,2,5,2,5.59909153,0.5823117495,0.342681855,1.148761392,1.320541501,0.001000000047
Adagrad,FEDERATED QUANTUM CNN,2,5,3,5.6134727,0.5866900086,0.342681855,1.125994086,1.320541501,0.001000000047
Adagrad,FEDERATED QUANTUM CNN,2,5,4,5.617032528,0.6024518609,0.342681855,1.124449015,1.320541501,0.001000000047
Adagrad,FEDERATED QUANTUM CNN,2,5,5,5.458634377,0.6164623499,0.342681855,1.107055068,1.320541501,0.001000000047
Adagrad,FEDERATED QUANTUM CNN,2,5,6,5.611037493,0.6269702315,0.342681855,1.100454092,1.320541501,0.001000000047
Adagrad,FEDERATED QUANTUM CNN,3,1,1,18.9285121,0.609798789,0.4040315449,1.0876441,1.257747769,0.001000000047
Adagrad,FEDERATED QUANTUM CNN,3,1,2,5.677329063,0.62642169,0.4040315449,1.070565224,1.257747769,0.001000000047
Adagrad,FEDERATED QUANTUM CNN,3,1,3,5.651484013,0.632545948,0.4040315449,1.061827064,1.257747769,0.001000000047
Adagrad,FEDERATED QUANTUM CNN,3,1,4,5.421331167,0.635170579,0.4040315449,1.058508039,1.257747769,0.001000000047
Adagrad,FEDERATED QUANTUM CNN,3,1,5,5.754079103,0.6526684165,0.4040315449,1.038559675,1.257747769,0.001000000047
Adagrad,FEDERATED QUANTUM CNN,3,1,6,5.692747831,0.657042861,0.4040315449,1.033352733,1.257747769,0.001000000047
Adagrad,FEDERATED QUANTUM CNN,3,2,1,19.30559182,0.6211723685,0.4040315449,1.078258514,1.257747769,0.001000000047
Adagrad,FEDERATED QUANTUM CNN,3,2,2,5.602851391,0.604549408,0.4040315449,1.084973812,1.257747769,0.001000000047
Adagrad,FEDERATED QUANTUM CNN,3,2,3,5.688230515,0.6369203925,0.4040315449,1.054124117,1.257747769,0.001000000047
Adagrad,FEDERATED QUANTUM CNN,3,2,4,5.617958546,0.6360455155,0.4040315449,1.054275393,1.257747769,0.001000000047
Adagrad,FEDERATED QUANTUM CNN,3,2,5,5.780773163,0.642169714,0.4040315449,1.042176723,1.257747769,0.001000000047
Adagrad,FEDERATED QUANTUM CNN,3,2,6,5.718718529,0.634295702,0.4040315449,1.038899064,1.257747769,0.001000000047
Adagrad,FEDERATED QUANTUM CNN,3,3,1,20.88275242,0.6199649572,0.4040315449,1.091741085,1.257747769,0.001000000047
Adagrad,FEDERATED QUANTUM CNN,3,3,2,5.982225895,0.6155866981,0.4040315449,1.084390402,1.257747769,0.001000000047
Adagrad,FEDERATED QUANTUM CNN,3,3,3,5.483997345,0.6269702315,0.4040315449,1.069177985,1.257747769,0.001000000047
Adagrad,FEDERATED QUANTUM CNN,3,3,4,6.021278381,0.6348511577,0.4040315449,1.068861008,1.257747769,0.001000000047
Adagrad,FEDERATED QUANTUM CNN,3,3,5,5.612110853,0.6549912691,0.4040315449,1.046024203,1.257747769,0.001000000047
Adagrad,FEDERATED QUANTUM CNN,3,3,6,5.619624376,0.638353765,0.4040315449,1.040471196,1.257747769,0.001000000047
Adagrad,FEDERATED QUANTUM CNN,3,4,1,19.54501724,0.6042031646,0.4040315449,1.099428177,1.257747769,0.001000000047
Adagrad,FEDERATED QUANTUM CNN,3,4,2,5.477994204,0.6077057719,0.4040315449,1.089193344,1.257747769,0.001000000047
Adagrad,FEDERATED QUANTUM CNN,3,4,3,5.569606543,0.6042031646,0.4040315449,1.078148842,1.257747769,0.001000000047
Adagrad,FEDERATED QUANTUM CNN,3,4,4,5.562223911,0.6138353944,0.4040315449,1.075968742,1.257747769,0.001000000047
Adagrad,FEDERATED QUANTUM CNN,3,4,5,5.530493259,0.6260945797,0.4040315449,1.06382072,1.257747769,0.001000000047
Adagrad,FEDERATED QUANTUM CNN,3,4,6,5.276835442,0.6155866981,0.4040315449,1.060196757,1.257747769,0.001000000047
Adagrad,FEDERATED QUANTUM CNN,3,5,1,19.49011087,0.6392294168,0.4040315449,1.084808469,1.257747769,0.001000000047
Adagrad,FEDERATED QUANTUM CNN,3,5,2,5.415019274,0.6208406091,0.4040315449,1.085474491,1.257747769,0.001000000047
Adagrad,FEDERATED QUANTUM CNN,3,5,3,5.558880568,0.6444833875,0.4040315449,1.055903912,1.257747769,0.001000000047
Adagrad,FEDERATED QUANTUM CNN,3,5,4,5.581893206,0.6453590393,0.4040315449,1.059493184,1.257747769,0.001000000047
Adagrad,FEDERATED QUANTUM CNN,3,5,5,5.491480589,0.6628721356,0.4040315449,1.042829156,1.257747769,0.001000000047
Adagrad,FEDERATED QUANTUM CNN,3,5,6,5.426608562,0.661120832,0.4040315449,1.03653264,1.257747769,0.001000000047
Adagrad,FEDERATED QUANTUM CNN,4,1,1,18.54261112,0.66579175,0.4101665318,1.016166449,1.277093887,0.001000000047
Adagrad,FEDERATED QUANTUM CNN,4,1,2,5.353552818,0.6535432935,0.4101665318,1.009117007,1.277093887,0.001000000047
Adagrad,FEDERATED QUANTUM CNN,4,1,3,5.271644354,0.6605424285,0.4101665318,1.006559014,1.277093887,0.001000000047
Adagrad,FEDERATED QUANTUM CNN,4,1,4,5.556535006,0.672790885,0.4101665318,0.9991073012,1.277093887,0.001000000047
Adagrad,FEDERATED QUANTUM CNN,4,1,5,5.41305685,0.6684164405,0.4101665318,0.9908213615,1.277093887,0.001000000047
Adagrad,FEDERATED QUANTUM CNN,4,1,6,5.501056194,0.6745406985,0.4101665318,0.9860059023,1.277093887,0.001000000047
Adagrad,FEDERATED QUANTUM CNN,4,2,1,19.10112047,0.64041996,0.4101665318,1.027446389,1.277093887,0.001000000047
Adagrad,FEDERATED QUANTUM CNN,4,2,2,5.541776896,0.6377952695,0.4101665318,1.018842101,1.277093887,0.001000000047
Adagrad,FEDERATED QUANTUM CNN,4,2,3,5.403609991,0.6622922421,0.4101665318,1.008782983,1.277093887,0.001000000047
Adagrad,FEDERATED QUANTUM CNN,4,2,4,5.494745016,0.6745406985,0.4101665318,0.9908602238,1.277093887,0.001000000047
Adagrad,FEDERATED QUANTUM CNN,4,2,5,5.566340685,0.670166254,0.4101665318,0.9822362661,1.277093887,0.001000000047
Adagrad,FEDERATED QUANTUM CNN,4,2,6,5.614031792,0.6596675515,0.4101665318,0.9901237488,1.277093887,0.001000000047
Adagrad,FEDERATED QUANTUM CNN,4,3,1,19.44663048,0.6619964838,0.4101665318,1.021528363,1.277093887,0.001000000047
Adagrad,FEDERATED QUANTUM CNN,4,3,2,5.524780273,0.6567425728,0.4101665318,1.018636584,1.277093887,0.001000000047
Adagrad,FEDERATED QUANTUM CNN,4,3,3,5.242935419,0.6567425728,0.4101665318,1.018331289,1.277093887,0.001000000047
Adagrad,FEDERATED QUANTUM CNN,4,3,4,5.730888367,0.6663748026,0.4101665318,1.00790906,1.277093887,0.001000000047
Adagrad,FEDERATED QUANTUM CNN,4,3,5,5.626168728,0.6698774099,0.4101665318,0.9985097051,1.277093887,0.001000000047
Adagrad,FEDERATED QUANTUM CNN,4,3,6,5.607820272,0.6882662177,0.4101665318,0.9747194648,1.277093887,0.001000000047
Adagrad,FEDERATED QUANTUM CNN,4,4,1,19.83009839,0.6278458834,0.4101665318,1.045394778,1.277093887,0.001000000047
Adagrad,FEDERATED QUANTUM CNN,4,4,2,5.655596256,0.6541155577,0.4101665318,1.022778749,1.277093887,0.001000000047
Adagrad,FEDERATED QUANTUM CNN,4,4,3,5.639012098,0.6444833875,0.4101665318,1.020317793,1.277093887,0.001000000047
Adagrad,FEDERATED QUANTUM CNN,4,4,4,5.648529053,0.6488616467,0.4101665318,1.022541523,1.277093887,0.001000000047
Adagrad,FEDERATED QUANTUM CNN,4,4,5,5.485912323,0.6401050687,0.4101665318,1.01354444,1.277093887,0.001000000047
Adagrad,FEDERATED QUANTUM CNN,4,4,6,5.457510471,0.6584938765,0.4101665318,1.012743592,1.277093887,0.001000000047
Adagrad,FEDERATED QUANTUM CNN,4,5,1,19.31644273,0.6576182246,0.4101665318,1.02515614,1.277093887,0.001000000047
Adagrad,FEDERATED QUANTUM CNN,4,5,2,5.473269224,0.6541155577,0.4101665318,1.029147387,1.277093887,0.001000000047
Adagrad,FEDERATED QUANTUM CNN,4,5,3,5.648430347,0.6716287136,0.4101665318,1.006855011,1.277093887,0.001000000047
Adagrad,FEDERATED QUANTUM CNN,4,5,4,5.715584993,0.6619964838,0.4101665318,0.9954776168,1.277093887,0.001000000047
Adagrad,FEDERATED QUANTUM CNN,4,5,5,5.609052896,0.6830122471,0.4101665318,0.976593256,1.277093887,0.001000000047
Adagrad,FEDERATED QUANTUM CNN,4,5,6,5.394633293,0.6821365952,0.4101665318,0.9801087379,1.277093887,0.001000000047
Adagrad,FEDERATED QUANTUM CNN,5,1,1,18.88050628,0.6850393414,0.4014022648,0.9824098945,1.276812196,0.001000000047
Adagrad,FEDERATED QUANTUM CNN,5,1,2,5.66253233,0.672790885,0.4014022648,0.9844819903,1.276812196,0.001000000047
Adagrad,FEDERATED QUANTUM CNN,5,1,3,5.391009092,0.67979002,0.4014022648,0.9673635364,1.276812196,0.001000000047
Adagrad,FEDERATED QUANTUM CNN,5,1,4,5.612602234,0.6990376115,0.4014022648,0.94928509,1.276812196,0.001000000047
Adagrad,FEDERATED QUANTUM CNN,5,1,5,5.717351675,0.678040266,0.4014022648,0.9583512545,1.276812196,0.001000000047
Adagrad,FEDERATED QUANTUM CNN,5,1,6,5.49544096,0.687664032,0.4014022648,0.9607598782,1.276812196,0.001000000047
Adagrad,FEDERATED QUANTUM CNN,5,2,1,19.15677404,0.671041131,0.4014022648,0.9797605872,1.276812196,0.001000000047
Adagrad,FEDERATED QUANTUM CNN,5,2,2,5.594816208,0.6622922421,0.4014022648,0.973008275,1.276812196,0.001000000047
Adagrad,FEDERATED QUANTUM CNN,5,2,3,5.653554201,0.67979002,0.4014022648,0.9614962935,1.276812196,0.001000000047
Adagrad,FEDERATED QUANTUM CNN,5,2,4,5.795066833,0.6745406985,0.4014022648,0.9569447637,1.276812196,0.001000000047
Adagrad,FEDERATED QUANTUM CNN,5,2,5,5.682249069,0.6771653295,0.4014022648,0.9488791227,1.276812196,0.001000000047
Adagrad,FEDERATED QUANTUM CNN,5,2,6,5.599539042,0.687664032,0.4014022648,0.9381622672,1.276812196,0.001000000047
Adagrad,FEDERATED QUANTUM CNN,5,3,1,19.51344752,0.6760070324,0.4014022648,0.9804756045,1.276812196,0.001000000047
Adagrad,FEDERATED QUANTUM CNN,5,3,2,5.623262405,0.6795096397,0.4014022648,0.9693238735,1.276812196,0.001000000047
Adagrad,FEDERATED QUANTUM CNN,5,3,3,5.700740099,0.6786339879,0.4014022648,0.9722435474,1.276812196,0.001000000047
Adagrad,FEDERATED QUANTUM CNN,5,3,4,5.589805603,0.6900175214,0.4014022648,0.9576922655,1.276812196,0.001000000047
Adagrad,FEDERATED QUANTUM CNN,5,3,5,5.769445896,0.6961470842,0.4014022648,0.9502372146,1.276812196,0.001000000047
Adagrad,FEDERATED QUANTUM CNN,5,3,6,5.616943836,0.6943957806,0.4014022648,0.9432393312,1.276812196,0.001000000047
Adagrad,FEDERATED QUANTUM CNN,5,4,1,19.62676334,0.6584938765,0.4014022648,0.9949617386,1.276812196,0.001000000047
Adagrad,FEDERATED QUANTUM CNN,5,4,2,5.647041321,0.6444833875,0.4014022648,0.995778203,1.276812196,0.001000000047
Adagrad,FEDERATED QUANTUM CNN,5,4,3,5.641150475,0.6514886022,0.4014022648,0.9877650738,1.276812196,0.001000000047
Adagrad,FEDERATED QUANTUM CNN,5,4,4,5.71317029,0.6497372985,0.4014022648,0.9757896662,1.276812196,0.001000000047
Adagrad,FEDERATED QUANTUM CNN,5,4,5,5.601264954,0.6602451801,0.4014022648,0.9806655645,1.276812196,0.001000000047
Adagrad,FEDERATED QUANTUM CNN,5,4,6,5.671005726,0.6690017581,0.4014022648,0.9594310522,1.276812196,0.001000000047
Adagrad,FEDERATED QUANTUM CNN,5,5,1,19.71857429,0.6760070324,0.4014022648,0.9775986075,1.276812196,0.001000000047
Adagrad,FEDERATED QUANTUM CNN,5,5,2,5.507786751,0.6777583361,0.4014022648,0.9743528366,1.276812196,0.001000000047
Adagrad,FEDERATED QUANTUM CNN,5,5,3,5.619780302,0.6900175214,0.4014022648,0.9619349837,1.276812196,0.001000000047
Adagrad,FEDERATED QUANTUM CNN,5,5,4,5.437821865,0.6742556691,0.4014022648,0.956785202,1.276812196,0.001000000047
Adagrad,FEDERATED QUANTUM CNN,5,5,5,5.668066978,0.6908931732,0.4014022648,0.9498909712,1.276812196,0.001000000047
Adagrad,FEDERATED QUANTUM CNN,5,5,6,5.493570566,0.6978984475,0.4014022648,0.9425458312,1.276812196,0.001000000047
Adagrad,MLCNN,1,,1,20.7253592,0.6077916622,0.251968503,1.079363108,2.178115129,0.001000000047
Adagrad,MLCNN,1,,2,4.786816597,0.694462657,0.488188982,0.8212597966,1.420114875,0.001000000047
Adagrad,MLCNN,1,,3,4.843826532,0.7062814832,0.755905509,0.7871368527,0.6020421386,0.001000000047
Adagrad,MLCNN,1,,4,4.680082083,0.7428321242,0.762904644,0.6920033097,0.6156656146,0.001000000047
Adagrad,MLCNN,1,,5,4.619832754,0.7450208068,0.779527545,0.6958065033,0.6005696654,0.001000000047
Adagrad,MLCNN,1,,6,4.652776957,0.7717224956,0.7900262475,0.6406440735,0.537076354,0.001000000047
Adagrad,MLCNN,1,,7,4.529916763,0.7732545137,0.7996500731,0.624362886,0.5142967105,0.001000000047
Adagrad,MLCNN,1,,8,4.308915377,0.7815714478,0.7996500731,0.5977287292,0.5150693059,0.001000000047
Adagrad,MLCNN,1,,9,4.363911152,0.7809148431,0.803149581,0.6125465631,0.5193732977,0.001000000047
Adagrad,MLCNN,1,,10,4.324696541,0.7874808311,0.8206474185,0.5821551085,0.4648722112,0.001000000047
Adagrad,MLCNN,1,,11,4.382309437,0.7922959328,0.8276465535,0.567070961,0.4561886787,0.001000000047
Adagrad,MLCNN,1,,12,4.405020475,0.7960166335,0.823272109,0.575419426,0.4808606505,0.001000000047
Adagrad,MLCNN,1,,13,4.349480152,0.8060844541,0.824146986,0.5362954736,0.4767112136,0.001000000047
Adagrad,MLCNN,1,,14,4.362297535,0.8063033223,0.832020998,0.5432557464,0.456120044,0.001000000047
Adagrad,MLCNN,1,,15,4.254116058,0.8095863461,0.832895875,0.5258790851,0.4551436007,0.001000000047
Adagrad,MLCNN,1,,16,4.29550457,0.8032392263,0.8363954425,0.526894927,0.4472178221,0.001000000047
Adagrad,MLCNN,1,,17,4.384442568,0.8181221485,0.8451443315,0.5056028366,0.4280168116,0.001000000047
Adagrad,MLCNN,1,,18,4.444185972,0.8141825199,0.839020133,0.4993957281,0.4398046732,0.001000000047
Adagrad,MLCNN,1,,19,4.299657106,0.8214051127,0.83989501,0.4974474907,0.4491369426,0.001000000047
Adagrad,MLCNN,1,,20,4.322513103,0.8220617175,0.8433945775,0.4885189235,0.4337616265,0.001000000047
Adagrad,MLCNN,1,,21,4.28296876,0.818559885,0.8521434665,0.4945495129,0.4099739492,0.001000000047
Adagrad,MLCNN,1,,22,4.265577555,0.821623981,0.8512685895,0.493678838,0.4103214741,0.001000000047
Adagrad,MLCNN,1,,23,4.281297207,0.8257824183,0.8495188355,0.472571224,0.4153893292,0.001000000047
Adagrad,MLCNN,1,,24,4.304725885,0.8251258731,0.8521434665,0.4662569761,0.4272457361,0.001000000047
Adagrad,MLCNN,1,,25,4.31547761,0.8397898674,0.8521434665,0.45393309,0.4207598269,0.001000000047
Adagrad,MLCNN,1,,26,4.413402557,0.8432917595,0.860892415,0.4396905601,0.3894221187,0.001000000047
Adagrad,MLCNN,1,,27,4.309060335,0.8290654421,0.860892415,0.458810389,0.3958546817,0.001000000047
Adagrad,MLCNN,1,,28,4.437928438,0.8338804841,0.862642169,0.4540855289,0.3952609599,0.001000000047
Adagrad,MLCNN,1,,29,4.331961393,0.8365069032,0.8661417365,0.4428780675,0.4000894129,0.001000000047
Adagrad,MLCNN,1,,30,4.444313049,0.8408842087,0.870516181,0.4372143149,0.4115052223,0.001000000047
Adagrad,MLCNN,2,,1,19.26446629,0.6005690694,0.2808398902,1.093934655,2.845216274,0.001000000047
Adagrad,MLCNN,2,,2,4.477514029,0.7032173276,0.5748031735,0.8261945844,1.179360032,0.001000000047
Adagrad,MLCNN,2,,3,4.518337488,0.7310133576,0.695538044,0.742020309,0.7975184917,0.001000000047
Adagrad,MLCNN,2,,4,4.401210785,0.7504924536,0.762904644,0.6992841363,0.6184233427,0.001000000047
Adagrad,MLCNN,2,,5,4.52214551,0.7609980106,0.7524059415,0.6506992579,0.6733964086,0.001000000047
Adagrad,MLCNN,2,,6,4.522751331,0.7662508488,0.755030632,0.6388173103,0.6562503576,0.001000000047
Adagrad,MLCNN,2,,7,4.442447662,0.7905449867,0.748906374,0.593323648,0.6794222593,0.001000000047
Adagrad,MLCNN,2,,8,4.55776763,0.7846356034,0.764654398,0.6031796932,0.6335737705,0.001000000047
Adagrad,MLCNN,2,,9,4.488226414,0.7936090827,0.7349081635,0.5748617649,0.7329288125,0.001000000047
Adagrad,MLCNN,2,,10,4.337560177,0.7922959328,0.756780386,0.5862036347,0.6855702996,0.001000000047
Adagrad,MLCNN,2,,11,4.386732578,0.8017071486,0.7681539655,0.5550254583,0.6513669491,0.001000000047
Adagrad,MLCNN,2,,12,4.459511042,0.8049901724,0.7602799535,0.5433151126,0.6737815142,0.001000000047
Adagrad,MLCNN,2,,13,4.412060738,0.800393939,0.77252841,0.5402787924,0.6593724489,0.001000000047
Adagrad,MLCNN,2,,14,4.319318771,0.8084920049,0.755030632,0.5254248977,0.7193273902,0.001000000047
Adagrad,MLCNN,2,,15,4.498898268,0.8152768612,0.7585301995,0.4946287572,0.7306271791,0.001000000047
Adagrad,MLCNN,2,,16,4.451300144,0.8187787533,0.776902914,0.5092308521,0.6562338471,0.001000000047
Adagrad,MLCNN,2,,17,4.326732635,0.8150579929,0.755030632,0.5012717843,0.7253774405,0.001000000047
Adagrad,MLCNN,2,,18,4.323229074,0.8255636096,0.763779521,0.4817449152,0.6907346249,0.001000000047
Adagrad,MLCNN,2,,19,4.264570713,0.823374927,0.7664042115,0.4864408076,0.7058389783,0.001000000047
Adagrad,MLCNN,2,,20,4.308595896,0.826439023,0.7655293345,0.4629771411,0.6854314208,0.001000000047
Adagrad,MLCNN,2,,21,4.355365992,0.8305975199,0.762029767,0.4730926454,0.7260277271,0.001000000047
Adagrad,MLCNN,2,,22,4.314432383,0.8301597834,0.7672790885,0.4587962925,0.6989921331,0.001000000047
Adagrad,MLCNN,2,,23,4.195882082,0.8360691667,0.779527545,0.454837203,0.7105387449,0.001000000047
Adagrad,MLCNN,2,,24,4.096861601,0.8448238373,0.778652668,0.4297555089,0.6784729362,0.001000000047
Adagrad,MLCNN,2,,25,4.307730675,0.8369446397,0.78652668,0.4363551736,0.6575191617,0.001000000047
Adagrad,MLCNN,2,,26,4.31683588,0.8441672325,0.77252841,0.4196240604,0.7124812007,0.001000000047
Adagrad,MLCNN,2,,27,4.337589025,0.8481068015,0.7909011245,0.4237623811,0.6647416353,0.001000000047
Adagrad,MLCNN,2,,28,4.270568371,0.8461369872,0.7917760015,0.4238011241,0.6734828353,0.001000000047
Adagrad,MLCNN,2,,29,4.277788639,0.8478879333,0.7900262475,0.4198749363,0.6582191586,0.001000000047
Adagrad,MLCNN,2,,30,4.250044823,0.8544539213,0.7900262475,0.4060938656,0.6878190041,0.001000000047
Adagrad,MLCNN,3,,1,18.69998646,0.6236323714,0.2609457076,1.008255839,2.52996397,0.001000000047
Adagrad,MLCNN,3,,2,5.637233496,0.7065645456,0.562171638,0.8146077394,1.173516035,0.001000000047
Adagrad,MLCNN,3,,3,4.70549345,0.7262582183,0.7014010549,0.7467721105,0.7219919562,0.001000000047
Adagrad,MLCNN,3,,4,4.593503952,0.7625820637,0.7302977443,0.6504442692,0.653398335,0.001000000047
Adagrad,MLCNN,3,,5,4.571827888,0.7678337097,0.7320490479,0.6368231773,0.6430795789,0.001000000047
Adagrad,MLCNN,3,,6,4.482567787,0.7820568681,0.7338003516,0.6080062389,0.6855914593,0.001000000047
Adagrad,MLCNN,3,,7,4.430365324,0.787746191,0.7495621443,0.5977914333,0.6517512202,0.001000000047
Adagrad,MLCNN,3,,8,4.365253448,0.7964988947,0.7495621443,0.5709503293,0.6511152387,0.001000000047
Adagrad,MLCNN,3,,9,4.402408361,0.8004376292,0.7521891594,0.5512518287,0.6437723041,0.001000000047
Adagrad,MLCNN,3,,10,4.369292974,0.8072209954,0.7644483447,0.5383326411,0.6343870163,0.001000000047
Adagrad,MLCNN,3,,11,4.358360529,0.8133479357,0.7539404631,0.527143836,0.6574605703,0.001000000047
Adagrad,MLCNN,3,,12,4.169253826,0.8236323595,0.7845884562,0.4926377535,0.6241189241,0.001000000047
Adagrad,MLCNN,3,,13,4.344961643,0.8181619048,0.7591943741,0.5025514364,0.6513755322,0.001000000047
Adagrad,MLCNN,3,,14,4.385253191,0.8238512278,0.7530648112,0.4981144965,0.6643301249,0.001000000047
Adagrad,MLCNN,3,,15,4.456273794,0.8221006393,0.7521891594,0.4939737916,0.6740611196,0.001000000047
Adagrad,MLCNN,3,,16,4.42956233,0.8242888451,0.7434325814,0.4833423495,0.7002564669,0.001000000047
Adagrad,MLCNN,3,,17,4.576295376,0.8214442134,0.7425569296,0.4763591886,0.7266889215,0.001000000047
Adagrad,MLCNN,3,,18,4.515500784,0.8326039314,0.737302959,0.4703918993,0.7209948897,0.001000000047
Adagrad,MLCNN,3,,19,4.467437983,0.8330415487,0.7408056259,0.4563635886,0.7232971787,0.001000000047
Adagrad,MLCNN,3,,20,4.666535616,0.8398249745,0.7495621443,0.4459994435,0.699783206,0.001000000047
Adagrad,MLCNN,3,,21,4.538275719,0.8398249745,0.7618213892,0.4322005808,0.678386271,0.001000000047
Adagrad,MLCNN,3,,22,4.543612719,0.8459518552,0.7460595369,0.4289085567,0.7270104885,0.001000000047
Adagrad,MLCNN,3,,23,4.324776173,0.8472647667,0.7486864924,0.4188632071,0.7358552814,0.001000000047
Adagrad,MLCNN,3,,24,4.238485813,0.8501093984,0.7548161149,0.4039078653,0.7220479846,0.001000000047
Adagrad,MLCNN,3,,25,4.190724611,0.850328207,0.7469351888,0.4073414207,0.7324761152,0.001000000047
Adagrad,MLCNN,3,,26,4.281740904,0.8435448408,0.7469351888,0.4209998548,0.7506819963,0.001000000047
Adagrad,MLCNN,3,,27,4.256286383,0.8525164127,0.7513135076,0.4080727398,0.7226270437,0.001000000047
Adagrad,MLCNN,3,,28,4.244943142,0.8448577523,0.7443082333,0.4233473837,0.7564332485,0.001000000047
Adagrad,MLCNN,3,,29,4.423008919,0.861925602,0.7548161149,0.3966760635,0.7201875448,0.001000000047
Adagrad,MLCNN,3,,30,4.368358374,0.8641138077,0.7381786108,0.3885396421,0.7666963339,0.001000000047
Adagrad,MLCNN,4,,1,18.38883877,0.6056892872,0.3721541166,1.032688618,2.653748751,0.001000000047
Adagrad,MLCNN,4,,2,4.717726231,0.6973741651,0.5744308233,0.7964653969,1.439831138,0.001000000047
Adagrad,MLCNN,4,,3,4.617129803,0.7361050248,0.661120832,0.7364951968,0.9281111956,0.001000000047
Adagrad,MLCNN,4,,4,4.326037884,0.7472647429,0.7320490479,0.6900612116,0.6996577382,0.001000000047
Adagrad,MLCNN,4,,5,4.346879482,0.7529540658,0.7434325814,0.654494822,0.6950805783,0.001000000047
Adagrad,MLCNN,4,,6,4.25199151,0.763019681,0.7416812778,0.6458209753,0.6841369271,0.001000000047
Adagrad,MLCNN,4,,7,4.269401073,0.7741794586,0.7031523585,0.6089482307,0.858291626,0.001000000047
Adagrad,MLCNN,4,,8,4.279613256,0.7792122364,0.7381786108,0.5938298106,0.7238274217,0.001000000047
Adagrad,MLCNN,4,,9,4.351701498,0.7881838083,0.7478108406,0.5871095061,0.6808130145,0.001000000047
Adagrad,MLCNN,4,,10,4.431397438,0.7842450738,0.7583187222,0.5815570951,0.6409503818,0.001000000047
Adagrad,MLCNN,4,,11,4.391138792,0.8019693494,0.7443082333,0.5463256836,0.6986507773,0.001000000047
Adagrad,MLCNN,4,,12,4.2900002,0.7973741889,0.7530648112,0.5520920753,0.6703760624,0.001000000047
Adagrad,MLCNN,4,,13,4.208364248,0.8146608472,0.7539404631,0.5172465444,0.6686769724,0.001000000047
Adagrad,MLCNN,4,,14,4.302887678,0.8076586723,0.7521891594,0.5121269226,0.6777769327,0.001000000047
Adagrad,MLCNN,4,,15,4.280777693,0.8045951724,0.7600700259,0.5154128075,0.6568361521,0.001000000047
Adagrad,MLCNN,4,,16,4.318255186,0.8140043616,0.7732049227,0.5067877769,0.6421905756,0.001000000047
Adagrad,MLCNN,4,,17,4.268442869,0.8091903925,0.7644483447,0.5089922547,0.6545216441,0.001000000047
Adagrad,MLCNN,4,,18,4.340344429,0.8271334767,0.7521891594,0.4775236249,0.6806622744,0.001000000047
Adagrad,MLCNN,4,,19,4.302119493,0.8253829479,0.7504378557,0.4828642607,0.6829746962,0.001000000047
Adagrad,MLCNN,4,,20,4.366285324,0.8284463882,0.7451838851,0.4837831855,0.7045506835,0.001000000047
Adagrad,MLCNN,4,,21,4.318147182,0.8273522854,0.7469351888,0.4779091775,0.7086587548,0.001000000047
Adagrad,MLCNN,4,,22,4.274546862,0.8334792256,0.7451838851,0.4698902369,0.700063765,0.001000000047
Adagrad,MLCNN,4,,23,4.319219828,0.8328227401,0.7451838851,0.4665306211,0.7084635496,0.001000000047
Adagrad,MLCNN,4,,24,4.342423916,0.8339168429,0.7556917667,0.4526848495,0.6952757239,0.001000000047
Adagrad,MLCNN,4,,25,4.46249485,0.8404814005,0.7513135076,0.45077613,0.7107409835,0.001000000047
Adagrad,MLCNN,4,,26,4.425847292,0.8472647667,0.7495621443,0.4256877005,0.701040566,0.001000000047
Adagrad,MLCNN,4,,27,4.358513594,0.8492341638,0.7346760035,0.4436306953,0.7487699389,0.001000000047
Adagrad,MLCNN,4,,28,4.310031891,0.8498905897,0.7469351888,0.4340884686,0.7440322638,0.001000000047
Adagrad,MLCNN,4,,29,4.474991798,0.8512035012,0.7548161149,0.4263729751,0.7015165091,0.001000000047
Adagrad,MLCNN,4,,30,4.422351837,0.841794312,0.7539404631,0.4248079658,0.6915023923,0.001000000047
Adagrad,MLCNN,5,,1,19.83496952,0.6201313138,0.2635726929,1.018084764,2.56009078,0.001000000047
Adagrad,MLCNN,5,,2,4.995205879,0.7137855291,0.5604203343,0.7894736528,1.341240287,0.001000000047
Adagrad,MLCNN,5,,3,4.512477398,0.7363238335,0.6996497512,0.7166126966,0.8217627406,0.001000000047
Adagrad,MLCNN,5,,4,4.377185345,0.7498905659,0.7110332847,0.671849072,0.7785682678,0.001000000047
Adagrad,MLCNN,5,,5,4.76360774,0.7757111788,0.7338003516,0.6110776067,0.7173867226,0.001000000047
Adagrad,MLCNN,5,,6,4.366089106,0.7783370018,0.7556917667,0.6009215117,0.7026867867,0.001000000047
Adagrad,MLCNN,5,,7,4.414561272,0.7870897055,0.7451838851,0.5646821856,0.7433642149,0.001000000047
Adagrad,MLCNN,5,,8,4.36933589,0.7916849256,0.7539404631,0.5799331069,0.7150571942,0.001000000047
Adagrad,MLCNN,5,,9,4.434524059,0.7945295572,0.7565674186,0.551566124,0.7050726414,0.001000000047
Adagrad,MLCNN,5,,10,4.433756828,0.7960612774,0.7583187222,0.5495989323,0.6995102167,0.001000000047
Adagrad,MLCNN,5,,11,4.356094837,0.807877481,0.7661996484,0.5378558636,0.6735144258,0.001000000047
Adagrad,MLCNN,5,,12,4.353303909,0.8262581825,0.771453619,0.4907879829,0.6543728113,0.001000000047
Adagrad,MLCNN,5,,13,4.468899727,0.8205689192,0.771453619,0.490873903,0.6838404536,0.001000000047
Adagrad,MLCNN,5,,14,4.524099588,0.8312910199,0.7705779076,0.4843723178,0.6779888868,0.001000000047
Adagrad,MLCNN,5,,15,4.417613506,0.8356673717,0.7732049227,0.4712167382,0.6791741848,0.001000000047
Adagrad,MLCNN,5,,16,4.322914124,0.8371991515,0.7732049227,0.4515867531,0.6895275712,0.001000000047
Adagrad,MLCNN,5,,17,4.294591904,0.8352297544,0.7723292708,0.453645587,0.6860474348,0.001000000047
Adagrad,MLCNN,5,,18,4.26121068,0.8396061063,0.7819615006,0.449646771,0.6657474637,0.001000000047
Adagrad,MLCNN,5,,19,4.341876268,0.8404814005,0.7828371525,0.4398401678,0.6677376628,0.001000000047
Adagrad,MLCNN,5,,20,4.279438734,0.8328227401,0.7880910635,0.4636852741,0.651664257,0.001000000047
Adagrad,MLCNN,5,,21,4.336485147,0.8490152955,0.794220686,0.4351356626,0.6200322509,0.001000000047
Adagrad,MLCNN,5,,22,4.246195078,0.8516411185,0.7959719896,0.4266574383,0.6423871517,0.001000000047
Adagrad,MLCNN,5,,23,4.461738348,0.8501093984,0.7968476415,0.4334065914,0.6256317496,0.001000000047
Adagrad,MLCNN,5,,24,4.378359795,0.8575492501,0.785464108,0.3984076977,0.6657696962,0.001000000047
Adagrad,MLCNN,5,,25,4.38050127,0.8555798531,0.7889667153,0.4075785279,0.6595623493,0.001000000047
Adagrad,MLCNN,5,,26,4.318292379,0.8533917069,0.8029772043,0.4112725854,0.6217936873,0.001000000047
Adagrad,MLCNN,5,,27,4.455270767,0.8501093984,0.8012259007,0.4074681103,0.6226139069,0.001000000047
Adagrad,MLCNN,5,,28,4.398925781,0.8625820279,0.8047285676,0.3954449296,0.6301409006,0.001000000047
Adagrad,MLCNN,5,,29,4.874184608,0.8621444106,0.8038529158,0.3792928755,0.6220584512,0.001000000047
Adagrad,MLCNN,5,,30,4.455817938,0.8636761308,0.7872154117,0.384698987,0.6715441942,0.001000000047
Adagrad,QUANTUM CNN,1,,1,38.10034108,0.4510833919,0.3639545143,1.209511638,1.299649954,0.001000000047
Adagrad,QUANTUM CNN,1,,2,4.081011534,0.5559203625,0.5144357085,1.122453809,1.121888161,0.001000000047
Adagrad,QUANTUM CNN,1,,3,4.04940176,0.6014445424,0.6237969995,1.089140415,1.05302608,0.001000000047
Adagrad,QUANTUM CNN,1,,4,4.056107521,0.6296782494,0.66579175,1.067865968,1.02346015,0.001000000047
Adagrad,QUANTUM CNN,1,,5,4.138493776,0.6614138484,0.671041131,1.039696097,1.015659928,0.001000000047
Adagrad,QUANTUM CNN,1,,6,4.1242342,0.6789231896,0.7060367465,1.024603367,0.9826812744,0.001000000047
Adagrad,QUANTUM CNN,1,,7,4.06265378,0.6909608245,0.69378829,1.011443019,0.9824730158,0.001000000047
Adagrad,QUANTUM CNN,1,,8,4.077780962,0.7023418546,0.7130358815,0.9980894923,0.9671173692,0.001000000047
Adagrad,QUANTUM CNN,1,,9,4.084151506,0.7261983156,0.7375327945,0.9837031364,0.9526559711,0.001000000047
Adagrad,QUANTUM CNN,1,,10,4.189799547,0.7301378846,0.7279090285,0.9743492603,0.9476023316,0.001000000047
Adagrad,QUANTUM CNN,1,,11,4.143085957,0.7325454354,0.740157485,0.9649177194,0.9375167489,0.001000000047
Adagrad,QUANTUM CNN,1,,12,4.062525272,0.7362661362,0.755905509,0.9562473893,0.926520288,0.001000000047
Adagrad,QUANTUM CNN,1,,13,4.007714272,0.744364202,0.74715662,0.9485087395,0.9243310094,0.001000000047
Adagrad,QUANTUM CNN,1,,14,4.091883421,0.749179244,0.7585301995,0.9411149025,0.9178776741,0.001000000047
Adagrad,QUANTUM CNN,1,,15,4.008123636,0.7620923519,0.7751531005,0.9284554124,0.9050902724,0.001000000047
Adagrad,QUANTUM CNN,1,,16,4.082015991,0.7629678249,0.7672790885,0.923732698,0.9039155245,0.001000000047
Adagrad,QUANTUM CNN,1,,17,4.065503359,0.7706281543,0.7821522355,0.9183059335,0.8949813247,0.001000000047
Adagrad,QUANTUM CNN,1,,18,4.230726957,0.7640621662,0.779527545,0.9176051617,0.8915988207,0.001000000047
Adagrad,QUANTUM CNN,1,,19,4.134112597,0.7817903161,0.7970253825,0.9070796967,0.878480494,0.001000000047
Adagrad,QUANTUM CNN,1,,20,4.054700375,0.7811337113,0.7979002595,0.898681283,0.8708800673,0.001000000047
Adagrad,QUANTUM CNN,1,,21,4.027851343,0.7791639566,0.7917760015,0.8943585753,0.8736675978,0.001000000047
Adagrad,QUANTUM CNN,1,,22,4.05168891,0.7879185677,0.795275569,0.8874483705,0.8652899265,0.001000000047
Adagrad,QUANTUM CNN,1,,23,3.995260715,0.7944845557,0.794400692,0.8819268942,0.8683421612,0.001000000047
Adagrad,QUANTUM CNN,1,,24,4.327880621,0.7868242264,0.8048993945,0.8758271337,0.8551697731,0.001000000047
Adagrad,QUANTUM CNN,1,,25,4.30253315,0.7901072502,0.794400692,0.8729560375,0.8581193089,0.001000000047
Adagrad,QUANTUM CNN,1,,26,4.101334572,0.7949222922,0.7996500731,0.8662070632,0.8551983833,0.001000000047
Adagrad,QUANTUM CNN,1,,27,4.060387135,0.8006128073,0.802274704,0.8622938991,0.852000773,0.001000000047
Adagrad,QUANTUM CNN,1,,28,3.964596987,0.7988619208,0.8188976645,0.8576943874,0.836484611,0.001000000047
Adagrad,QUANTUM CNN,1,,29,3.982992887,0.8032392263,0.8057742715,0.8516420722,0.8377979994,0.001000000047
Adagrad,QUANTUM CNN,1,,30,3.944284439,0.8093674779,0.8223971725,0.8464100361,0.8260492086,0.001000000047
Adagrad,QUANTUM CNN,2,,1,25.58182502,0.3946158886,0.4111985862,1.248052835,1.256434083,0.001000000047
Adagrad,QUANTUM CNN,2,,2,4.1074512,0.4445174038,0.4619422555,1.135587692,1.13398993,0.001000000047
Adagrad,QUANTUM CNN,2,,3,4.012850523,0.569927752,0.5669291615,1.101192594,1.076323628,0.001000000047
Adagrad,QUANTUM CNN,2,,4,4.090892076,0.6104180217,0.5931758285,1.073754668,1.052781343,0.001000000047
Adagrad,QUANTUM CNN,2,,5,4.158194065,0.6266141534,0.6202974916,1.054149032,1.033459306,0.001000000047
Adagrad,QUANTUM CNN,2,,6,4.180543423,0.6408404708,0.619422555,1.034894824,1.021396875,0.001000000047
Adagrad,QUANTUM CNN,2,,7,4.127705574,0.6537535787,0.6386701465,1.022813797,1.005252719,0.001000000047
Adagrad,QUANTUM CNN,2,,8,4.013044596,0.6633836627,0.642169714,1.008183002,0.9960986376,0.001000000047
Adagrad,QUANTUM CNN,2,,9,4.085431576,0.6736704111,0.664041996,0.9918194413,0.9742392302,0.001000000047
Adagrad,QUANTUM CNN,2,,10,4.127418756,0.6778288484,0.6684164405,0.9854481816,0.9662634134,0.001000000047
Adagrad,QUANTUM CNN,2,,11,4.093281507,0.6852703094,0.671041131,0.9778674841,0.9659532905,0.001000000047
Adagrad,QUANTUM CNN,2,,12,4.226339102,0.689647615,0.6692913175,0.9624957442,0.9534273744,0.001000000047
Adagrad,QUANTUM CNN,2,,13,4.090480089,0.696213603,0.6832895875,0.9542340636,0.9390732646,0.001000000047
Adagrad,QUANTUM CNN,2,,14,4.045671701,0.6988400221,0.6815398335,0.9465702176,0.9302268028,0.001000000047
Adagrad,QUANTUM CNN,2,,15,4.045418262,0.69533813,0.6841644645,0.9420771599,0.9288523197,0.001000000047
Adagrad,QUANTUM CNN,2,,16,4.021183968,0.7008097768,0.6832895875,0.9336364865,0.9255796075,0.001000000047
Adagrad,QUANTUM CNN,2,,17,4.04056406,0.7106587887,0.695538044,0.9245963097,0.9115366936,0.001000000047
Adagrad,QUANTUM CNN,2,,18,4.074955702,0.7137229443,0.7051618695,0.9148716927,0.902515471,0.001000000047
Adagrad,QUANTUM CNN,2,,19,4.075520039,0.7170059085,0.7069116235,0.9089850783,0.8951880932,0.001000000047
Adagrad,QUANTUM CNN,2,,20,4.21679306,0.717443645,0.709536314,0.9041749239,0.8864409924,0.001000000047
Adagrad,QUANTUM CNN,2,,21,4.112572193,0.721383214,0.7156605721,0.8979017735,0.8808531165,0.001000000047
Adagrad,QUANTUM CNN,2,,22,4.121620417,0.7391114235,0.717410326,0.8890783191,0.8766659498,0.001000000047
Adagrad,QUANTUM CNN,2,,23,4.118974447,0.7454585433,0.725284338,0.8812443614,0.870052278,0.001000000047
Adagrad,QUANTUM CNN,2,,24,4.026654482,0.7349529266,0.732283473,0.8822479844,0.8654859662,0.001000000047
Adagrad,QUANTUM CNN,2,,25,4.074442863,0.7458962798,0.7287839055,0.8704319596,0.8627237678,0.001000000047
Adagrad,QUANTUM CNN,2,,26,4.052495718,0.7469905615,0.7366579175,0.8678722978,0.856800437,0.001000000047
Adagrad,QUANTUM CNN,2,,27,4.133160353,0.7485226393,0.7357830405,0.8634875417,0.8541181684,0.001000000047
Adagrad,QUANTUM CNN,2,,28,4.092850208,0.7531188726,0.7375327945,0.8607565165,0.8488157392,0.001000000047
Adagrad,QUANTUM CNN,2,,29,4.165011883,0.7553074956,0.74715662,0.8536652327,0.8420699835,0.001000000047
Adagrad,QUANTUM CNN,2,,30,4.069198132,0.7564018369,0.74715662,0.8488359451,0.8421680927,0.001000000047
Adagrad,QUANTUM CNN,3,,1,25.61731029,0.4382932186,0.2162872106,1.255527854,1.521005273,0.001000000047
Adagrad,QUANTUM CNN,3,,2,4.16852212,0.5091903806,0.3485113978,1.168921471,1.29335475,0.001000000047
Adagrad,QUANTUM CNN,3,,3,4.151876688,0.5361050367,0.5253940225,1.13793385,1.126620889,0.001000000047
Adagrad,QUANTUM CNN,3,,4,4.098656416,0.5645514131,0.5394045711,1.101971984,1.100220203,0.001000000047
Adagrad,QUANTUM CNN,3,,5,4.126815319,0.5748358965,0.5726795197,1.07669878,1.072140217,0.001000000047
Adagrad,QUANTUM CNN,3,,6,4.169379234,0.5842450857,0.5954465866,1.065175772,1.043797255,0.001000000047
Adagrad,QUANTUM CNN,3,,7,4.153423071,0.6039387584,0.5928196311,1.044707298,1.028368711,0.001000000047
Adagrad,QUANTUM CNN,3,,8,4.147913694,0.6181619167,0.6085814238,1.026708007,1.004096627,0.001000000047
Adagrad,QUANTUM CNN,3,,9,4.14086771,0.6183807254,0.6112083793,1.011845946,0.9934670925,0.001000000047
Adagrad,QUANTUM CNN,3,,10,4.235279083,0.62691468,0.6199649572,1.00503993,0.972841084,0.001000000047
Adagrad,QUANTUM CNN,3,,11,4.188398361,0.6135667562,0.598949194,1.003999949,0.9718391895,0.001000000047
Adagrad,QUANTUM CNN,3,,12,4.219746828,0.64398247,0.6217162609,0.9843569398,0.9594804645,0.001000000047
Adagrad,QUANTUM CNN,3,,13,4.161669493,0.6501094103,0.6208406091,0.9751538634,0.9522266984,0.001000000047
Adagrad,QUANTUM CNN,3,,14,4.067651987,0.6571115851,0.6313484907,0.9635674953,0.9359000325,0.001000000047
Adagrad,QUANTUM CNN,3,,15,4.142647743,0.6606127024,0.6234676242,0.9569526315,0.9341081977,0.001000000047
Adagrad,QUANTUM CNN,3,,16,4.076562643,0.6584244967,0.6287215352,0.9518213868,0.9394675493,0.001000000047
Adagrad,QUANTUM CNN,3,,17,4.066344261,0.7078774571,0.7749562263,0.9446507096,0.9117877483,0.001000000047
Adagrad,QUANTUM CNN,3,,18,4.18707633,0.7382932305,0.762697041,0.9349936247,0.9143663049,0.001000000047
Adagrad,QUANTUM CNN,3,,19,4.053867579,0.7540481687,0.7618213892,0.9370827675,0.9073798656,0.001000000047
Adagrad,QUANTUM CNN,3,,20,3.975385427,0.7619255781,0.7670753002,0.920396924,0.9013204575,0.001000000047
Adagrad,QUANTUM CNN,3,,21,4.032830715,0.7586433291,0.7705779076,0.9185788631,0.8908448815,0.001000000047
Adagrad,QUANTUM CNN,3,,22,3.969090462,0.7610503435,0.771453619,0.9122208953,0.8939622641,0.001000000047
Adagrad,QUANTUM CNN,3,,23,3.971676588,0.7730853558,0.7863397598,0.9075529575,0.8813352585,0.001000000047
Adagrad,QUANTUM CNN,3,,24,4.167296171,0.7829321623,0.7775831819,0.8946889639,0.8779008985,0.001000000047
Adagrad,QUANTUM CNN,3,,25,4.134363413,0.7862144709,0.794220686,0.8930338025,0.8656719923,0.001000000047
Adagrad,QUANTUM CNN,3,,26,4.179471254,0.7838074565,0.7924693227,0.8872737885,0.8647201657,0.001000000047
Adagrad,QUANTUM CNN,3,,27,4.092456579,0.7986871004,0.7898423672,0.8716627955,0.8612820506,0.001000000047
Adagrad,QUANTUM CNN,3,,28,4.244400978,0.7859956026,0.7968476415,0.8794136047,0.8568491936,0.001000000047
Adagrad,QUANTUM CNN,3,,29,4.208155394,0.7888402343,0.7985989451,0.8724681139,0.8531226516,0.001000000047
Adagrad,QUANTUM CNN,3,,30,4.208695173,0.7971553802,0.8038529158,0.8611657023,0.8423352838,0.001000000047
Adagrad,QUANTUM CNN,4,,1,21.51631927,0.4260393977,0.2478108555,1.352638602,1.420985222,0.001000000047
Adagrad,QUANTUM CNN,4,,2,4.100491285,0.5256017447,0.3721541166,1.260654688,1.340057731,0.001000000047
Adagrad,QUANTUM CNN,4,,3,4.176952839,0.5599562526,0.5429071784,1.224898577,1.193463326,0.001000000047
Adagrad,QUANTUM CNN,4,,4,4.129166365,0.5656455159,0.5542907119,1.203792453,1.178427458,0.001000000047
Adagrad,QUANTUM CNN,4,,5,4.135677338,0.5818380713,0.5665498972,1.183959007,1.165789366,0.001000000047
Adagrad,QUANTUM CNN,4,,6,4.151551008,0.5936542749,0.5823117495,1.168299437,1.133866549,0.001000000047
Adagrad,QUANTUM CNN,4,,7,4.204645872,0.6037198901,0.5814360976,1.153650641,1.131475329,0.001000000047
Adagrad,QUANTUM CNN,4,,8,4.132342815,0.6118161678,0.584938705,1.136963725,1.119771957,0.001000000047
Adagrad,QUANTUM CNN,4,,9,4.161206722,0.6137855649,0.5980735421,1.131492376,1.104195952,0.001000000047
Adagrad,QUANTUM CNN,4,,10,4.236414909,0.6251640916,0.6033275127,1.118297935,1.094856381,0.001000000047
Adagrad,QUANTUM CNN,4,,11,4.322346926,0.6358861923,0.6164623499,1.102627635,1.086238861,0.001000000047
Adagrad,QUANTUM CNN,4,,12,4.325140238,0.6420131326,0.6182136536,1.09275806,1.075805902,0.001000000047
Adagrad,QUANTUM CNN,4,,13,4.165325165,0.64398247,0.6225919724,1.086921811,1.066447139,0.001000000047
Adagrad,QUANTUM CNN,4,,14,4.154363155,0.6455142498,0.6234676242,1.081024885,1.062912941,0.001000000047
Adagrad,QUANTUM CNN,4,,15,4.123099089,0.6474835873,0.638353765,1.071900606,1.049218297,0.001000000047
Adagrad,QUANTUM CNN,4,,16,3.972077608,0.6466082931,0.6392294168,1.066913366,1.042113066,0.001000000047
Adagrad,QUANTUM CNN,4,,17,4.091155529,0.6527352333,0.6366024613,1.053546548,1.037678003,0.001000000047
Adagrad,QUANTUM CNN,4,,18,4.100956678,0.6573303938,0.633099854,1.048357844,1.035873055,0.001000000047
Adagrad,QUANTUM CNN,4,,19,4.062118769,0.6599562168,0.6593695283,1.042786121,1.013824463,0.001000000047
Adagrad,QUANTUM CNN,4,,20,4.133262396,0.6684901714,0.6392294168,1.032487988,1.018883109,0.001000000047
Adagrad,QUANTUM CNN,4,,21,4.097864151,0.6571115851,0.6506129503,1.035137773,1.007189989,0.001000000047
Adagrad,QUANTUM CNN,4,,22,4.04359293,0.66411376,0.6409807205,1.024261236,1.010316014,0.001000000047
Adagrad,QUANTUM CNN,4,,23,4.086912632,0.6656455398,0.6488616467,1.019333243,0.9970534444,0.001000000047
Adagrad,QUANTUM CNN,4,,24,4.193777561,0.6704595089,0.6576182246,1.010230899,0.9922888279,0.001000000047
Adagrad,QUANTUM CNN,4,,25,4.123674154,0.6726477146,0.652364254,1.004692316,0.9908703566,0.001000000047
Adagrad,QUANTUM CNN,4,,26,4.10231328,0.6687089801,0.6707530618,1.005938172,0.9729095697,0.001000000047
Adagrad,QUANTUM CNN,4,,27,4.103372574,0.6789934635,0.6654991508,0.9936821461,0.9739584327,0.001000000047
Adagrad,QUANTUM CNN,4,,28,4.068372011,0.6735229492,0.6637477875,0.9938263893,0.9690111279,0.001000000047
Adagrad,QUANTUM CNN,4,,29,4.113548756,0.6781181693,0.6584938765,0.9853433371,0.9741108418,0.001000000047
Adagrad,QUANTUM CNN,4,,30,4.072408438,0.6691465974,0.652364254,0.992267549,0.9692343473,0.001000000047
Adagrad,QUANTUM CNN,5,,1,20.51108432,0.3914660811,0.2635726929,1.318371415,1.423468232,0.001000000047
Adagrad,QUANTUM CNN,5,,2,4.092505455,0.4470459521,0.3485113978,1.240612864,1.327832341,0.001000000047
Adagrad,QUANTUM CNN,5,,3,4.110420704,0.4761487842,0.5367775559,1.206314683,1.157399893,0.001000000047
Adagrad,QUANTUM CNN,5,,4,4.124112844,0.4910284579,0.5420315266,1.164544344,1.12100482,0.001000000047
Adagrad,QUANTUM CNN,5,,5,4.163129807,0.5118162036,0.5691769123,1.138342738,1.089789629,0.001000000047
Adagrad,QUANTUM CNN,5,,6,4.123511314,0.5214442015,0.6173380017,1.120489597,1.065144897,0.001000000047
Adagrad,QUANTUM CNN,5,,7,4.082464933,0.5485776663,0.6199649572,1.099376082,1.066536784,0.001000000047
Adagrad,QUANTUM CNN,5,,8,4.12938571,0.5562363267,0.6322241426,1.083805919,1.044839263,0.001000000047
Adagrad,QUANTUM CNN,5,,9,4.091463327,0.5654267073,0.6199649572,1.072150946,1.051361918,0.001000000047
Adagrad,QUANTUM CNN,5,,10,4.077556849,0.5665208101,0.6401050687,1.065920353,1.037782311,0.001000000047
Adagrad,QUANTUM CNN,5,,11,4.126208305,0.5785558224,0.638353765,1.05146122,1.025361896,0.001000000047
Adagrad,QUANTUM CNN,5,,12,4.130261183,0.573522985,0.647110343,1.047754645,1.01655972,0.001000000047
Adagrad,QUANTUM CNN,5,,13,4.100534678,0.573522985,0.6348511577,1.044403791,1.014088631,0.001000000047
Adagrad,QUANTUM CNN,5,,14,4.117455482,0.5724288821,0.638353765,1.029995561,1.012202978,0.001000000047
Adagrad,QUANTUM CNN,5,,15,4.098234415,0.5765864253,0.6453590393,1.026708841,1.004628301,0.001000000047
Adagrad,QUANTUM CNN,5,,16,4.079725504,0.5809627771,0.6401050687,1.017849684,1.007177591,0.001000000047
Adagrad,QUANTUM CNN,5,,17,4.092891216,0.5835886002,0.6654991508,1.013396502,0.9938625097,0.001000000047
Adagrad,QUANTUM CNN,5,,18,4.057735443,0.5811816454,0.6549912691,1.010038257,0.9949524403,0.001000000047
Adagrad,QUANTUM CNN,5,,19,4.114002228,0.5894967318,0.6646234393,1.004421949,0.9923008084,0.001000000047
Adagrad,QUANTUM CNN,5,,20,4.097932816,0.6019693613,0.6514886022,0.9982680678,0.9941072464,0.001000000047
Adagrad,QUANTUM CNN,5,,21,4.091296673,0.5956236124,0.6654991508,1.000451684,0.9790002704,0.001000000047
Adagrad,QUANTUM CNN,5,,22,4.079473972,0.6063457131,0.6654991508,0.9921086431,0.9811987281,0.001000000047
Adagrad,QUANTUM CNN,5,,23,4.134674788,0.60218817,0.6593695283,0.9879168868,0.9758151174,0.001000000047
Adagrad,QUANTUM CNN,5,,24,4.104215384,0.6070021987,0.6742556691,0.9896846414,0.9646169543,0.001000000047
Adagrad,QUANTUM CNN,5,,25,4.130839825,0.6054704785,0.6681261063,0.9794044495,0.9679083228,0.001000000047
Adagrad,QUANTUM CNN,5,,26,4.237999678,0.5916848779,0.6725043654,0.9798598289,0.9624196887,0.001000000047
Adagrad,QUANTUM CNN,5,,27,4.272544861,0.6133479476,0.6742556691,0.9744597077,0.9640938044,0.001000000047
Adagrad,QUANTUM CNN,5,,28,4.386735678,0.6157549024,0.6663748026,0.9670565128,0.9630430341,0.001000000047
Adagrad,QUANTUM CNN,5,,29,4.309190989,0.6120350361,0.6733800173,0.965526402,0.9586022496,0.001000000047
Adagrad,QUANTUM CNN,5,,30,4.112588406,0.6072210073,0.6628721356,0.9631050825,0.955460608,0.001000000047
ADAM,FEDERATED QUANTUM CNN,1,1,1,20.85628605,0.3045,0.2948,1.3608,1.6171,0.001
ADAM,FEDERATED QUANTUM CNN,1,1,2,5.738938808,0.3885,0.5136,1.2753,1.1965,0.001
ADAM,FEDERATED QUANTUM CNN,1,1,3,5.724131823,0.4059,0.4619,1.2248,1.088,0.001
ADAM,FEDERATED QUANTUM CNN,1,1,4,5.717952967,0.5048,0.4864,1.2057,0.9903,0.001
ADAM,FEDERATED QUANTUM CNN,1,1,5,5.702991247,0.4821,0.5074,1.2028,0.9636,0.001
ADAM,FEDERATED QUANTUM CNN,1,1,6,5.762360334,0.5661,0.5389,1.1288,0.9794,0.001
ADAM,FEDERATED QUANTUM CNN,1,2,1,18.55910134,0.315,0.4821,1.3651,1.0124,0.001
ADAM,FEDERATED QUANTUM CNN,1,2,2,5.650481224,0.4121,0.4899,1.324,0.947,0.001
ADAM,FEDERATED QUANTUM CNN,1,2,3,5.468126059,0.3893,0.4777,1.2917,0.9682,0.001
ADAM,FEDERATED QUANTUM CNN,1,2,4,5.685228109,0.4357,0.5494,1.2556,1.0069,0.001
ADAM,FEDERATED QUANTUM CNN,1,2,5,5.704684258,0.4243,0.5328,1.2197,0.9701,0.001
ADAM,FEDERATED QUANTUM CNN,1,2,6,5.553367853,0.4523,0.5241,1.2121,0.9911,0.001
ADAM,FEDERATED QUANTUM CNN,1,3,1,21.50518751,0.2986,0.5267,1.3745,0.9311,0.001
ADAM,FEDERATED QUANTUM CNN,1,3,2,5.668250561,0.3327,0.6037,1.3636,0.923,0.001
ADAM,FEDERATED QUANTUM CNN,1,3,3,5.272825956,0.3564,0.6562,1.2874,0.8991,0.001
ADAM,FEDERATED QUANTUM CNN,1,3,4,5.422312737,0.3975,0.6702,1.2597,0.9034,0.001
ADAM,FEDERATED QUANTUM CNN,1,3,5,5.671448946,0.4615,0.6395,1.2436,0.9159,0.001
ADAM,FEDERATED QUANTUM CNN,1,3,6,5.541861773,0.4711,0.6763,1.2018,0.8358,0.001
ADAM,FEDERATED QUANTUM CNN,1,4,1,19.21775532,0.317,0.6474,1.3726,0.8766,0.001
ADAM,FEDERATED QUANTUM CNN,1,4,2,5.679281473,0.3765,0.7095,1.286,0.8076,0.001
ADAM,FEDERATED QUANTUM CNN,1,4,3,5.475992203,0.3564,0.7078,1.2823,0.8183,0.001
ADAM,FEDERATED QUANTUM CNN,1,4,4,5.660826445,0.486,0.6894,1.2372,0.81,0.001
ADAM,FEDERATED QUANTUM CNN,1,4,5,5.63114953,0.556,0.7262,1.1837,0.7854,0.001
ADAM,FEDERATED QUANTUM CNN,1,4,6,5.717855453,0.5053,0.6702,1.2013,0.8082,0.001
ADAM,FEDERATED QUANTUM CNN,1,5,1,19.376647,0.2504,0.685,1.3948,0.7821,0.001
ADAM,FEDERATED QUANTUM CNN,1,5,2,5.535536289,0.296,0.7314,1.3393,0.7257,0.001
ADAM,FEDERATED QUANTUM CNN,1,5,3,5.6664505,0.3144,0.7174,1.3096,0.7231,0.001
ADAM,FEDERATED QUANTUM CNN,1,5,4,5.58270216,0.3012,0.72,1.2994,0.7336,0.001
ADAM,FEDERATED QUANTUM CNN,1,5,5,5.646553993,0.4089,0.6903,1.2815,0.7983,0.001
ADAM,FEDERATED QUANTUM CNN,1,5,6,5.406368256,0.3511,0.6947,1.3029,0.7362,0.001
ADAM,FEDERATED QUANTUM CNN,2,1,1,18.66499615,0.5241,0.2738,1.1863,1.3611,0.001
ADAM,FEDERATED QUANTUM CNN,2,1,2,5.542680264,0.4943,0.5853,1.238,0.9703,0.001
ADAM,FEDERATED QUANTUM CNN,2,1,3,5.737243891,0.5066,0.608,1.179,1.0713,0.001
ADAM,FEDERATED QUANTUM CNN,2,1,4,5.788810492,0.5704,0.5293,1.1158,1.0493,0.001
ADAM,FEDERATED QUANTUM CNN,2,1,5,5.807847261,0.5731,0.5451,1.0841,1.0622,0.001
ADAM,FEDERATED QUANTUM CNN,2,1,6,5.495874405,0.6194,0.6474,1.019,0.8496,0.001
ADAM,FEDERATED QUANTUM CNN,2,2,1,18.89261436,0.5153,0.6535,1.1992,0.8119,0.001
ADAM,FEDERATED QUANTUM CNN,2,2,2,5.356449366,0.5591,0.6745,1.1642,0.7938,0.001
ADAM,FEDERATED QUANTUM CNN,2,2,3,5.210065842,0.5941,0.6815,1.1143,0.7536,0.001
ADAM,FEDERATED QUANTUM CNN,2,2,4,5.638232946,0.5748,0.6623,1.1007,0.7767,0.001
ADAM,FEDERATED QUANTUM CNN,2,2,5,5.661447048,0.5214,0.6763,1.1193,0.724,0.001
ADAM,FEDERATED QUANTUM CNN,2,2,6,5.336285591,0.5381,0.6833,1.1039,0.7222,0.001
ADAM,FEDERATED QUANTUM CNN,2,3,1,19.33312941,0.5245,0.6868,1.1963,0.769,0.001
ADAM,FEDERATED QUANTUM CNN,2,3,2,5.388762951,0.5657,0.6938,1.1658,0.6688,0.001
ADAM,FEDERATED QUANTUM CNN,2,3,3,5.544536114,0.5876,0.6369,1.1103,0.7714,0.001
ADAM,FEDERATED QUANTUM CNN,2,3,4,5.600646019,0.641,0.664,1.0486,0.7358,0.001
ADAM,FEDERATED QUANTUM CNN,2,3,5,5.520843983,0.6103,0.6868,1.0596,0.7361,0.001
ADAM,FEDERATED QUANTUM CNN,2,3,6,5.674461603,0.5928,0.6903,1.0429,0.6581,0.001
ADAM,FEDERATED QUANTUM CNN,2,4,1,19.2944994,0.5447,0.6973,1.176,0.659,0.001
ADAM,FEDERATED QUANTUM CNN,2,4,2,5.593589783,0.5552,0.6982,1.1447,0.6489,0.001
ADAM,FEDERATED QUANTUM CNN,2,4,3,5.411478758,0.6033,0.6938,1.097,0.663,0.001
ADAM,FEDERATED QUANTUM CNN,2,4,4,5.599509478,0.5797,0.7113,1.113,0.6351,0.001
ADAM,FEDERATED QUANTUM CNN,2,4,5,5.327397346,0.6095,0.7052,1.055,0.6441,0.001
ADAM,FEDERATED QUANTUM CNN,2,4,6,5.602381706,0.5613,0.7209,1.1073,0.6167,0.001
ADAM,FEDERATED QUANTUM CNN,2,5,1,19.4531157,0.5158,0.7148,1.1956,0.6309,0.001
ADAM,FEDERATED QUANTUM CNN,2,5,2,5.59909153,0.5184,0.7218,1.212,0.6134,0.001
ADAM,FEDERATED QUANTUM CNN,2,5,3,5.6134727,0.5271,0.7244,1.1731,0.5948,0.001
ADAM,FEDERATED QUANTUM CNN,2,5,4,5.617032528,0.5306,0.7192,1.1671,0.6109,0.001
ADAM,FEDERATED QUANTUM CNN,2,5,5,5.458634377,0.5403,0.7104,1.1213,0.6318,0.001
ADAM,FEDERATED QUANTUM CNN,2,5,6,5.611037493,0.5508,0.7262,1.117,0.5954,0.001
ADAM,FEDERATED QUANTUM CNN,3,1,1,18.9285121,0.6562,0.282,0.9636,1.3391,0.001
ADAM,FEDERATED QUANTUM CNN,3,1,2,5.677329063,0.6369,0.6655,0.9555,1.0189,0.001
ADAM,FEDERATED QUANTUM CNN,3,1,3,5.651484013,0.6194,0.3835,0.9595,1.4326,0.001
ADAM,FEDERATED QUANTUM CNN,3,1,4,5.421331167,0.5818,0.6401,1.0002,0.8946,0.001
ADAM,FEDERATED QUANTUM CNN,3,1,5,5.754079103,0.622,0.5333,0.9224,1.0959,0.0005
ADAM,FEDERATED QUANTUM CNN,3,1,6,5.692747831,0.6579,0.6576,0.8633,0.848,0.0005
ADAM,FEDERATED QUANTUM CNN,3,2,1,19.30559182,0.6395,0.6462,0.9673,0.9427,0.001
ADAM,FEDERATED QUANTUM CNN,3,2,2,5.602851391,0.6299,0.6427,0.9564,0.8033,0.001
ADAM,FEDERATED QUANTUM CNN,3,2,3,5.688230515,0.6422,0.6427,0.9353,0.8056,0.001
ADAM,FEDERATED QUANTUM CNN,3,2,4,5.617958546,0.6282,0.366,0.9128,1.6827,0.001
ADAM,FEDERATED QUANTUM CNN,3,2,5,5.780773163,0.5871,0.6856,1.0037,0.7483,0.001
ADAM,FEDERATED QUANTUM CNN,3,2,6,5.718718529,0.5984,0.6313,1.0028,0.8227,0.001
ADAM,FEDERATED QUANTUM CNN,3,3,1,20.88275242,0.6121,0.7049,1.0059,0.7345,0.001
ADAM,FEDERATED QUANTUM CNN,3,3,2,5.982225895,0.634,0.7189,0.9959,0.7027,0.001
ADAM,FEDERATED QUANTUM CNN,3,3,3,5.483997345,0.634,0.6918,0.9755,0.7931,0.001
ADAM,FEDERATED QUANTUM CNN,3,3,4,6.021278381,0.6086,0.6576,0.9756,0.81,0.001
ADAM,FEDERATED QUANTUM CNN,3,3,5,5.612110853,0.6313,0.7207,0.9443,0.7109,0.001
ADAM,FEDERATED QUANTUM CNN,3,3,6,5.619624376,0.6489,0.7215,0.9147,0.6749,0.001
ADAM,FEDERATED QUANTUM CNN,3,4,1,19.54501724,0.6191,0.7592,1.0112,0.6662,0.001
ADAM,FEDERATED QUANTUM CNN,3,4,2,5.477994204,0.634,0.7215,0.9926,0.6835,0.001
ADAM,FEDERATED QUANTUM CNN,3,4,3,5.569606543,0.5928,0.7627,1.0122,0.6509,0.001
ADAM,FEDERATED QUANTUM CNN,3,4,4,5.562223911,0.5858,0.6988,1.0235,0.7857,0.001
ADAM,FEDERATED QUANTUM CNN,3,4,5,5.530493259,0.6296,0.7426,0.9661,0.6633,0.0005
ADAM,FEDERATED QUANTUM CNN,3,4,6,5.276835442,0.6506,0.7399,0.9123,0.6862,0.0005
ADAM,FEDERATED QUANTUM CNN,3,5,1,19.49011087,0.6025,0.7504,1.0108,0.6719,0.001
ADAM,FEDERATED QUANTUM CNN,3,5,2,5.415019274,0.5946,0.7443,1.0015,0.6675,0.001
ADAM,FEDERATED QUANTUM CNN,3,5,3,5.558880568,0.6357,0.2408,0.9365,1.5106,0.001
ADAM,FEDERATED QUANTUM CNN,3,5,4,5.581893206,0.5744,0.606,0.9986,1.0211,0.001
ADAM,FEDERATED QUANTUM CNN,3,5,5,5.491480589,0.6235,0.6252,0.9453,0.9634,0.001
ADAM,FEDERATED QUANTUM CNN,3,5,6,5.426608562,0.6173,0.6419,0.9383,0.8873,0.0005
ADAM,FEDERATED QUANTUM CNN,4,1,1,18.54261112,0.671,0.6506,0.8574,0.8328,0.001
ADAM,FEDERATED QUANTUM CNN,4,1,2,5.353552818,0.6894,0.6384,0.8274,0.8686,0.001
ADAM,FEDERATED QUANTUM CNN,4,1,3,5.271644354,0.5958,0.6795,0.9669,0.7813,0.001
ADAM,FEDERATED QUANTUM CNN,4,1,4,5.556535006,0.5792,0.6147,0.9764,0.8692,0.001
ADAM,FEDERATED QUANTUM CNN,4,1,5,5.41305685,0.6334,0.641,0.8866,0.895,0.0005
ADAM,FEDERATED QUANTUM CNN,4,2,1,5.501056194,0.6597,0.6576,0.8735,0.811,0.001
ADAM,FEDERATED QUANTUM CNN,4,2,2,19.10112047,0.6737,0.6699,0.8463,0.7495,0.001
ADAM,FEDERATED QUANTUM CNN,4,2,3,5.541776896,0.6142,0.6961,0.9143,0.722,0.001
ADAM,FEDERATED QUANTUM CNN,4,2,4,5.403609991,0.6457,0.6953,0.8464,0.7024,0.001
ADAM,FEDERATED QUANTUM CNN,4,2,5,5.494745016,0.6527,0.6979,0.8479,0.7057,0.0005
ADAM,FEDERATED QUANTUM CNN,4,3,1,5.566340685,0.6489,0.6506,0.8771,0.8387,0.001
ADAM,FEDERATED QUANTUM CNN,4,3,2,5.614031792,0.6585,0.7154,0.8534,0.6448,0.001
ADAM,FEDERATED QUANTUM CNN,4,3,3,19.44663048,0.6576,0.7128,0.8484,0.6666,0.001
ADAM,FEDERATED QUANTUM CNN,4,3,4,5.524780273,0.6532,0.7067,0.8837,0.6629,0.001
ADAM,FEDERATED QUANTUM CNN,4,3,5,5.242935419,0.6567,0.7163,0.8363,0.636,0.001
ADAM,FEDERATED QUANTUM CNN,4,3,6,5.730888367,0.6594,0.7224,0.8351,0.6172,0.001
ADAM,FEDERATED QUANTUM CNN,4,4,1,5.626168728,0.6664,0.711,0.8507,0.6646,0.001
ADAM,FEDERATED QUANTUM CNN,4,4,2,5.607820272,0.6532,0.6734,0.8709,0.7759,0.001
ADAM,FEDERATED QUANTUM CNN,4,4,3,19.83009839,0.6384,0.7023,0.922,0.6976,0.001
ADAM,FEDERATED QUANTUM CNN,4,4,4,5.655596256,0.662,0.7137,0.8412,0.673,0.0005
ADAM,FEDERATED QUANTUM CNN,4,4,5,5.639012098,0.6699,0.7119,0.8303,0.6771,0.0005
ADAM,FEDERATED QUANTUM CNN,4,4,6,5.648529053,0.676,0.338,0.8235,1.5106,0.0005
ADAM,FEDERATED QUANTUM CNN,4,5,1,5.485912323,0.6515,0.5377,0.8822,1.1812,0.001
ADAM,FEDERATED QUANTUM CNN,4,5,2,5.457510471,0.6182,0.6725,0.9064,0.8468,0.001
ADAM,FEDERATED QUANTUM CNN,4,5,3,19.31644273,0.6051,0.6856,0.9521,0.8644,0.001
ADAM,FEDERATED QUANTUM CNN,4,5,4,5.473269224,0.6506,0.6182,0.8787,0.881,0.0005
ADAM,FEDERATED QUANTUM CNN,4,5,5,5.648430347,0.6532,0.6716,0.8386,0.8307,0.0005
ADAM,FEDERATED QUANTUM CNN,4,5,6,5.715584993,0.6489,0.6856,0.8522,0.7722,0.0005
ADAM,FEDERATED QUANTUM CNN,5,1,1,5.609052896,0.6833,0.662,0.8061,0.8168,0.001
ADAM,FEDERATED QUANTUM CNN,5,1,2,5.394633293,0.6763,0.6708,0.8264,0.7413,0.001
ADAM,FEDERATED QUANTUM CNN,5,1,3,18.88050628,0.6702,0.7198,0.8036,0.6718,0.001
ADAM,FEDERATED QUANTUM CNN,5,1,4,5.66253233,0.6754,0.6988,0.7748,0.7522,0.001
ADAM,FEDERATED QUANTUM CNN,5,1,5,5.391009092,0.6763,0.7207,0.8277,0.6656,0.001
ADAM,FEDERATED QUANTUM CNN,5,1,6,5.612602234,0.6457,0.7434,0.8499,0.6807,0.001
ADAM,FEDERATED QUANTUM CNN,5,2,1,5.717351675,0.6842,0.7399,0.7928,0.6572,0.001
ADAM,FEDERATED QUANTUM CNN,5,2,2,5.49544096,0.6448,0.6865,0.8655,0.7602,0.001
ADAM,FEDERATED QUANTUM CNN,5,2,3,19.15677404,0.6579,0.7513,0.8354,0.6316,0.001
ADAM,FEDERATED QUANTUM CNN,5,2,4,5.594816208,0.6527,0.7154,0.8236,0.6924,0.0005
ADAM,FEDERATED QUANTUM CNN,5,3,1,5.653554201,0.6848,0.7364,0.7772,0.6883,0.001
ADAM,FEDERATED QUANTUM CNN,5,3,2,5.795066833,0.6646,0.7373,0.8035,0.7351,0.001
ADAM,FEDERATED QUANTUM CNN,5,3,3,5.682249069,0.6576,0.7426,0.823,0.645,0.001
ADAM,FEDERATED QUANTUM CNN,5,3,4,5.599539042,0.6778,0.6848,0.7896,0.7556,0.0005
ADAM,FEDERATED QUANTUM CNN,5,4,1,19.51344752,0.697,0.7068,0.7822,0.7246775272,0.001
ADAM,FEDERATED QUANTUM CNN,5,4,2,5.623262405,0.6865,0.7013,0.787,0.7231160705,0.001
ADAM,FEDERATED QUANTUM CNN,5,4,3,5.700740099,0.6813,0.6958,0.8095,0.7215546139,0.001
ADAM,FEDERATED QUANTUM CNN,5,4,4,5.589805603,0.662,0.6903,0.834,0.7199931573,0.0005
ADAM,FEDERATED QUANTUM CNN,5,5,1,5.769445896,0.6532,0.6848,0.8652,0.7184317006,0.001
ADAM,FEDERATED QUANTUM CNN,5,5,2,5.616943836,0.6278,0.6793,0.8686,0.716870244,0.001
ADAM,FEDERATED QUANTUM CNN,5,5,3,19.62676334,0.6007,0.6738,0.9203,0.7153087873,0.001
ADAM,FEDERATED QUANTUM CNN,5,5,4,5.647041321,0.6366,0.6683,0.8529,0.7137473307,0.0005
ADAM,FEDERATED QUANTUM CNN,5,5,5,5.641150475,0.6454,0.6628,0.8343,0.712185874,0.0005
ADAM,FEDERATED QUANTUM CNN,5,5,6,5.71317029,0.6392,0.6573,0.8284,0.7106244174,0.0005
ADAM,FEDERATED CNN,1,1,1,19.80952954,0.5503,0.4226,1.3918,1.5462,0.001
ADAM,FEDERATED CNN,1,1,2,6.223229408,0.6404,0.7017,1.0355,0.9568,0.001
ADAM,FEDERATED CNN,1,1,3,6.180118322,0.6842,0.7743,0.9541,0.6291,0.001
ADAM,FEDERATED CNN,1,1,4,6.127594233,0.7209,0.8749,0.7809,0.3462,0.001
ADAM,FEDERATED CNN,1,1,5,6.174046993,0.7288,0.8451,0.7841,0.4185,0.001
ADAM,FEDERATED CNN,1,1,6,6.123691082,0.7804,0.8985,0.6456,0.2974,0.001
ADAM,FEDERATED CNN,1,2,1,17.54955339,0.5486,0.9195,1.381,0.2081,0.001
ADAM,FEDERATED CNN,1,2,2,6.017501354,0.6527,0.874,1.0315,0.3895,0.001
ADAM,FEDERATED CNN,1,2,3,5.588773727,0.6973,0.825,0.8612,0.4811,0.001
ADAM,FEDERATED CNN,1,2,4,5.659865618,0.7148,0.8845,0.803,0.3322,0.001
ADAM,FEDERATED CNN,1,2,5,5.688379526,0.7585,0.9589,0.6608,0.1169,0.001
ADAM,FEDERATED CNN,1,2,6,5.688313246,0.7463,0.9624,0.6801,0.119,0.001
ADAM,FEDERATED CNN,1,3,1,19.45747757,0.5447,0.9703,1.3849,0.0956,0.001
ADAM,FEDERATED CNN,1,3,2,5.726718664,0.6401,0.9554,1.0397,0.138,0.001
ADAM,FEDERATED CNN,1,3,3,5.703685045,0.676,0.965,0.9412,0.1194,0.001
ADAM,FEDERATED CNN,1,3,4,5.806016207,0.6743,0.951,0.8429,0.1856,0.001
ADAM,FEDERATED CNN,1,3,5,5.732072592,0.7356,0.9764,0.7009,0.0718,0.001
ADAM,FEDERATED CNN,1,3,6,5.741753101,0.7881,0.979,0.5932,0.0784,0.001
ADAM,FEDERATED CNN,1,4,1,17.67335606,0.5385,0.9729,1.421,0.0986,0.001
ADAM,FEDERATED CNN,1,4,2,5.481354713,0.6506,0.9729,1.0293,0.0966,0.001
ADAM,FEDERATED CNN,1,4,3,5.724434137,0.7154,0.9834,0.7954,0.0606,0.001
ADAM,FEDERATED CNN,1,4,4,5.772354364,0.7277,0.9799,0.7064,0.0643,0.001
ADAM,FEDERATED CNN,1,4,5,5.777220726,0.7548,0.9816,0.7404,0.0642,0.001
ADAM,FEDERATED CNN,1,4,6,5.774074316,0.7723,0.9799,0.6082,0.0749,0.001
ADAM,FEDERATED CNN,1,5,1,17.47298908,0.5692,0.9825,1.3239,0.0704,0.001
ADAM,FEDERATED CNN,1,5,2,5.670338392,0.6349,0.9834,1.0795,0.0684,0.001
ADAM,FEDERATED CNN,1,5,3,5.739700317,0.648,0.2878,1.0279,1.7336,0.001
ADAM,FEDERATED CNN,1,5,4,5.541404009,0.7093,0.6885,0.8431,1.0665,0.001
ADAM,FEDERATED CNN,1,5,5,5.557827711,0.718,0.8303,0.7719,0.6002,0.001
ADAM,FEDERATED CNN,1,5,6,5.540736198,0.7513,0.8101,0.7095,0.5157,0.001
ADAM,FEDERATED CNN,2,1,1,16.98842335,0.6684,0.853,0.9269,0.3925,0.001
ADAM,FEDERATED CNN,2,1,2,5.714191675,0.7174,0.8548,0.7626,0.4688,0.001
ADAM,FEDERATED CNN,2,1,3,5.776281118,0.7489,0.9151,0.6728,0.2854,0.001
ADAM,FEDERATED CNN,2,1,4,5.761934996,0.7533,0.9046,0.6641,0.29,0.001
ADAM,FEDERATED CNN,2,1,5,5.726207018,0.7865,0.9274,0.5675,0.2159,0.001
ADAM,FEDERATED CNN,2,1,6,5.542571068,0.7883,0.9178,0.5611,0.2818,0.001
ADAM,FEDERATED CNN,2,2,1,17.34648418,0.6352,0.9274,0.9743,0.2204,0.001
ADAM,FEDERATED CNN,2,2,2,5.476101398,0.7034,0.9081,0.7952,0.2361,0.001
ADAM,FEDERATED CNN,2,2,3,5.718222857,0.7235,0.9423,0.7385,0.2078,0.001
ADAM,FEDERATED CNN,2,2,4,5.764242172,0.783,0.9396,0.5918,0.1985,0.001
ADAM,FEDERATED CNN,2,2,5,5.757828712,0.7909,0.9589,0.5652,0.1467,0.001
ADAM,FEDERATED CNN,2,2,6,5.654257774,0.7927,0.9423,0.5322,0.2379,0.001
ADAM,FEDERATED CNN,2,3,1,17.94010973,0.6629,0.9213,0.9306,0.3057,0.001
ADAM,FEDERATED CNN,2,3,2,5.454488754,0.7075,0.9108,0.8046,0.3436,0.001
ADAM,FEDERATED CNN,2,3,3,5.488791704,0.7461,0.9545,0.6861,0.1572,0.001
ADAM,FEDERATED CNN,2,3,4,5.834520102,0.7688,0.9589,0.6207,0.1697,0.001
ADAM,FEDERATED CNN,2,3,5,5.736326933,0.7986,0.2898,0.5724,2.6119,0.001
ADAM,FEDERATED CNN,2,3,6,5.741365433,0.8319,0.782,0.4907,0.5824,0.001
ADAM,FEDERATED CNN,2,4,1,17.49946308,0.6217,0.81,1.0064,0.5268,0.001
ADAM,FEDERATED CNN,2,4,2,5.418909311,0.7145,0.8555,0.7727,0.4591,0.001
ADAM,FEDERATED CNN,2,4,3,5.75894022,0.7443,0.8984,0.6262,0.2875,0.001
ADAM,FEDERATED CNN,2,4,4,5.762916565,0.7408,0.8424,0.6702,0.4329,0.001
ADAM,FEDERATED CNN,2,4,5,5.751970768,0.7828,0.9194,0.5559,0.2294,0.001
ADAM,FEDERATED CNN,2,4,6,5.845018625,0.8187,0.9335,0.5438,0.1846,0.001
ADAM,FEDERATED CNN,2,5,1,17.73361945,0.6165,0.9256,1.0212,0.1918,0.001
ADAM,FEDERATED CNN,2,5,2,5.726925611,0.69,0.9037,0.8725,0.2885,0.001
ADAM,FEDERATED CNN,2,5,3,5.695085049,0.7329,0.9273,0.7589,0.2138,0.001
ADAM,FEDERATED CNN,2,5,4,5.53806448,0.7767,0.9597,0.6172,0.1238,0.001
ADAM,FEDERATED CNN,2,5,5,5.676375389,0.7828,0.9685,0.6078,0.1083,0.001
ADAM,FEDERATED CNN,2,5,6,5.70288682,0.7846,0.9615,0.5752,0.1226,0.001
ADAM,FEDERATED CNN,3,1,1,17.34944439,0.72,0.951,0.761,0.1453,0.001
ADAM,FEDERATED CNN,3,1,2,5.778459549,0.7472,0.9676,0.6831,0.1293,0.001
ADAM,FEDERATED CNN,3,1,3,5.766268015,0.7892,0.9676,0.5383,0.1028,0.001
ADAM,FEDERATED CNN,3,1,4,5.767619133,0.811,0.9764,0.528,0.0817,0.001
ADAM,FEDERATED CNN,3,1,5,5.790890217,0.776,0.9755,0.5786,0.1137,0.001
ADAM,FEDERATED CNN,3,1,6,5.83039403,0.8224,0.9667,0.4843,0.0978,0.001
ADAM,FEDERATED CNN,3,2,1,17.43587899,0.7034,0.9694,0.7601,0.1227,0.001
ADAM,FEDERATED CNN,3,2,2,5.788792133,0.769,0.9764,0.6308,0.102,0.001
ADAM,FEDERATED CNN,3,2,3,5.75249815,0.7795,0.9799,0.5452,0.1036,0.001
ADAM,FEDERATED CNN,3,2,4,5.752762318,0.7935,0.2942,0.5134,2.1206,0.001
ADAM,FEDERATED CNN,3,2,5,5.763072014,0.8189,0.732,0.4745,0.8937,0.001
ADAM,FEDERATED CNN,3,2,6,5.618524551,0.8381,0.873,0.4521,0.3788,0.001
ADAM,FEDERATED CNN,3,3,1,17.86843824,0.7198,0.8765,0.7634,0.346,0.001
ADAM,FEDERATED CNN,3,3,2,5.514179707,0.7706,0.8783,0.6406,0.2966,0.001
ADAM,FEDERATED CNN,3,3,3,5.744659185,0.7601,0.8292,0.6033,0.4918,0.001
ADAM,FEDERATED CNN,3,3,4,5.67528224,0.789,0.9116,0.5274,0.2555,0.001
ADAM,FEDERATED CNN,3,3,5,5.794221401,0.7977,0.9212,0.5449,0.2336,0.001
ADAM,FEDERATED CNN,3,3,6,5.823601961,0.8152,0.9291,0.4835,0.214,0.001
ADAM,FEDERATED CNN,3,4,1,18.03544641,0.7268,0.8949,0.7189,0.312,0.001
ADAM,FEDERATED CNN,3,4,2,5.53356266,0.7863,0.9501,0.5568,0.1639,0.001
ADAM,FEDERATED CNN,3,4,3,5.786901474,0.7881,0.9011,0.5468,0.272,0.001
ADAM,FEDERATED CNN,3,4,4,5.753890038,0.8135,0.9177,0.5059,0.2475,0.001
ADAM,FEDERATED CNN,3,4,5,5.760742903,0.8004,0.965,0.5153,0.1223,0.001
ADAM,FEDERATED CNN,3,4,6,5.760154724,0.8109,0.9317,0.4984,0.223,0.001
ADAM,FEDERATED CNN,3,5,1,17.78505349,0.7032,0.9352,0.7632,0.2019,0.001
ADAM,FEDERATED CNN,3,5,2,5.418820381,0.725,0.951,0.7305,0.1514,0.001
ADAM,FEDERATED CNN,3,5,3,5.716442823,0.7601,0.9641,0.6338,0.1143,0.001
ADAM,FEDERATED CNN,3,5,4,5.699143887,0.7758,0.9606,0.5913,0.1044,0.001
ADAM,FEDERATED CNN,3,5,5,5.623450994,0.7986,0.9545,0.5121,0.1445,0.001
ADAM,FEDERATED CNN,3,5,6,5.93919301,0.831,0.9597,0.4702,0.1354,0.001
ADAM,FEDERATED CNN,4,1,1,17.34315395,0.762,0.9667,0.5999,0.111,0.001
ADAM,FEDERATED CNN,4,1,2,5.514941931,0.7988,0.9685,0.54,0.1031,0.001
ADAM,FEDERATED CNN,4,1,3,5.617880344,0.8338,0.9746,0.4557,0.0967,0.001
ADAM,FEDERATED CNN,4,1,4,5.831814051,0.8416,0.9658,0.4015,0.1242,0.001
ADAM,FEDERATED CNN,4,1,5,5.799462318,0.8836,0.9737,0.3345,0.101,0.001
ADAM,FEDERATED CNN,4,1,6,5.513535261,0.8976,0.9737,0.304,0.111,0.001
ADAM,FEDERATED CNN,4,2,1,17.39083099,0.7603,0.9772,0.6548,0.1106,0.001
ADAM,FEDERATED CNN,4,2,2,5.756411552,0.7944,0.9764,0.5364,0.0896,0.001
ADAM,FEDERATED CNN,4,2,3,5.485797167,0.8084,0.9781,0.5108,0.0997,0.001
ADAM,FEDERATED CNN,4,2,4,5.775397301,0.8259,0.2986,0.4618,2.0437,0.001
ADAM,FEDERATED CNN,4,2,5,5.760851622,0.8609,0.8109,0.3664,0.521,0.001
ADAM,FEDERATED CNN,4,2,6,5.868469,0.8618,0.7951,0.3464,0.5752,0.001
ADAM,FEDERATED CNN,4,3,1,17.92783976,0.7601,0.8678,0.6132,0.384,0.001
ADAM,FEDERATED CNN,4,3,2,5.754458904,0.8065,0.838,0.4972,0.4493,0.001
ADAM,FEDERATED CNN,4,3,3,5.732866526,0.8284,0.894,0.4618,0.3291,0.001
ADAM,FEDERATED CNN,4,3,4,5.764433861,0.8275,0.8932,0.4579,0.3031,0.001
ADAM,FEDERATED CNN,4,3,5,5.687191725,0.8739,0.9081,0.3381,0.2558,0.001
ADAM,FEDERATED CNN,4,3,6,5.775736809,0.8651,0.9326,0.3794,0.1947,0.001
ADAM,FEDERATED CNN,4,4,1,18.04474044,0.7583,0.9422,0.6335,0.1673,0.001
ADAM,FEDERATED CNN,4,4,2,5.776096106,0.81,0.8932,0.4984,0.298,0.001
ADAM,FEDERATED CNN,4,4,3,5.770576477,0.8257,0.9387,0.4861,0.1955,0.001
ADAM,FEDERATED CNN,4,4,4,5.403006077,0.8222,0.951,0.4608,0.1346,0.001
ADAM,FEDERATED CNN,4,4,5,5.63987875,0.8555,0.9431,0.3852,0.1804,0.001
ADAM,FEDERATED CNN,4,4,6,5.9801085,0.8616,0.9553,0.3496,0.1363,0.001
ADAM,FEDERATED CNN,4,5,1,17.85253644,0.768,0.9194,0.616,0.2438,0.001
ADAM,FEDERATED CNN,4,5,2,5.570651054,0.7925,0.9553,0.5301,0.1418,0.001
ADAM,FEDERATED CNN,4,5,3,5.615223169,0.7977,0.9597,0.4961,0.12,0.001
ADAM,FEDERATED CNN,4,5,4,5.703255653,0.8546,0.9641,0.3947,0.1273,0.001
ADAM,FEDERATED CNN,4,5,5,5.328795433,0.8503,0.9615,0.3928,0.1409,0.001
ADAM,FEDERATED CNN,4,5,6,5.555011034,0.8503,0.965,0.4168,0.1293,0.001
ADAM,FEDERATED CNN,5,1,1,17.5068686,0.8233,0.979,0.4816,0.0866,0.001
ADAM,FEDERATED CNN,5,1,2,5.777212858,0.8574,0.9729,0.3889,0.0891,0.001
ADAM,FEDERATED CNN,5,1,3,5.736940384,0.888,0.9702,0.2927,0.1082,0.001
ADAM,FEDERATED CNN,5,1,4,5.617154837,0.8495,0.9746,0.4087,0.0847,0.001
ADAM,FEDERATED CNN,5,1,5,5.771484375,0.8959,0.972,0.3073,0.1043,0.001
ADAM,FEDERATED CNN,5,1,6,5.962173223,0.9283,0.972,0.1893,0.1067,0.001
ADAM,FEDERATED CNN,5,2,1,16.99955153,0.8128,0.9781,0.5166,0.0813,0.001
ADAM,FEDERATED CNN,5,2,2,5.745507002,0.8469,0.9737,0.417,0.1193,0.001
ADAM,FEDERATED CNN,5,2,3,5.768621922,0.8731,0.9685,0.341,0.1284,0.001
ADAM,FEDERATED CNN,5,2,4,5.701674938,0.8863,0.9768653846,0.2963,0.12624,0.001
ADAM,FEDERATED CNN,5,2,5,5.54650569,0.9055,0.9778318681,0.3014,0.13232,0.001
ADAM,FEDERATED CNN,5,2,6,5.794528484,0.8828,0.9787983516,0.3089,0.1384,0.001
ADAM,FEDERATED CNN,5,3,1,18.06956434,0.8266,0.9797648352,0.489,0.14448,0.001
ADAM,FEDERATED CNN,5,3,2,5.575928688,0.8494,0.9807313187,0.3994,0.15056,0.001
ADAM,FEDERATED CNN,5,3,3,5.792440176,0.8625,0.9816978022,0.3285,0.15664,0.001
ADAM,FEDERATED CNN,5,3,4,5.788937092,0.9011,0.9826642857,0.2521,0.16272,0.001
ADAM,FEDERATED CNN,5,3,5,5.855576277,0.9063,0.9836307692,0.2638,0.1688,0.001
ADAM,FEDERATED CNN,5,3,6,5.861502171,0.9177,0.9845972527,0.2384,0.17488,0.001
ADAM,FEDERATED CNN,5,4,1,17.94613457,0.8398,0.9855637363,0.4542,0.18096,0.001
ADAM,FEDERATED CNN,5,4,2,5.692497253,0.8757,0.9865302198,0.3506,0.18704,0.001
ADAM,FEDERATED CNN,5,4,3,5.763243437,0.8643,0.9874967033,0.3811,0.19312,0.001
ADAM,FEDERATED CNN,5,4,4,5.793187618,0.8932,0.9884631868,0.2899,0.1992,0.001
ADAM,FEDERATED CNN,5,4,5,5.785912275,0.9089,0.9894296703,0.2586,0.20528,0.001
ADAM,FEDERATED CNN,5,4,6,17.7520709,0.9019,0.9903961538,0.2527,0.21136,0.001
ADAM,FEDERATED CNN,5,5,1,5.735019207,0.8117,0.9913626374,0.5072,0.21744,0.001
ADAM,FEDERATED CNN,5,5,2,5.675842524,0.8599,0.9923291209,0.3787,0.22352,0.001
ADAM,FEDERATED CNN,5,5,3,5.735777855,0.8722,0.9932956044,0.3439,0.2296,0.001
ADAM,FEDERATED CNN,5,5,4,5.789762259,0.8923,0.9942620879,0.2984,0.23568,0.001
ADAM,FEDERATED CNN,5,5,5,5.54636097,0.8818,0.9952285714,0.3376,0.24176,0.001
ADAM,FEDERATED CNN,5,5,6,5.54636097,0.9002,0.9961950549,0.2561,0.24784,0.001
ADAM,MLCNN,1,,1,20.7253592,0.6367,0.2633,1.0613,3.2631,0.001000000047
ADAM,MLCNN,1,,2,4.786816597,0.7551,0.4191,0.6801,3.1132,0.001000000047
ADAM,MLCNN,1,,3,4.843826532,0.8037,0.8233,0.5318,0.4133,0.001000000047
ADAM,MLCNN,1,,4,4.680082083,0.8264,0.8224,0.4597,0.5406,0.001000000047
ADAM,MLCNN,1,,5,4.619832754,0.8619,0.8609,0.3702,0.3645,0.001000000047
ADAM,MLCNN,1,,6,4.652776957,0.8763,0.8941,0.3444,0.2922,0.001000000047
ADAM,MLCNN,1,,7,4.529916763,0.8888,0.8801,0.3177,0.2937,0.001000000047
ADAM,MLCNN,1,,8,4.308915377,0.9054,0.9038,0.2627,0.3026,0.001000000047
ADAM,MLCNN,1,,9,4.363911152,0.9186,0.9248,0.2273,0.2132,0.001000000047
ADAM,MLCNN,1,,10,4.324696541,0.9247,0.8548,0.2215,0.4353,0.001000000047
ADAM,MLCNN,1,,11,4.382309437,0.937,0.7787,0.1804,0.6716,0.001000000047
ADAM,MLCNN,1,,12,4.405020475,0.9378,0.9125,0.1748,0.2373,0.001000000047
ADAM,MLCNN,1,,13,4.349480152,0.93,0.9458,0.1963,0.1634,0.001000000047
ADAM,MLCNN,1,,14,4.362297535,0.9339,0.8434,0.1799,0.5582,0.001000000047
ADAM,MLCNN,1,,15,4.254116058,0.9525,0.9554,0.1409,0.1236,0.001000000047
ADAM,MLCNN,1,,16,4.29550457,0.9525,0.9598,0.1314,0.1154,0.001000000047
ADAM,MLCNN,1,,17,4.384442568,0.9604,0.8513,0.1144,0.7233,0.001000000047
ADAM,MLCNN,1,,18,4.444185972,0.9652,0.9396,0.1025,0.2049,0.001000000047
ADAM,MLCNN,1,,19,4.299657106,0.9626,0.7524,0.1215,1.1658,0.001000000047
ADAM,MLCNN,1,,20,4.322513103,0.9558,0.958,0.1277,0.1205,0.001000000047
ADAM,MLCNN,1,,21,4.28296876,0.9687,0.9204,0.0942,0.2448,0.001000000047
ADAM,MLCNN,1,,22,4.265577555,0.9575,0.9405,0.1184,0.2302,0.001000000047
ADAM,MLCNN,1,,23,4.281297207,0.9582,0.9563,0.1226,0.136,0.001000000047
ADAM,MLCNN,1,,24,4.304725885,0.9724,0.9335,0.0789,0.2144,0.001000000047
ADAM,MLCNN,1,,25,4.31547761,0.9689,0.9545,0.0865,0.1615,0.001000000047
ADAM,MLCNN,1,,26,4.413402557,0.9761,0.9554,0.0703,0.1235,0.001000000047
ADAM,MLCNN,1,,27,4.309060335,0.9753,0.8609,0.07,0.5012,0.001000000047
ADAM,MLCNN,1,,28,4.437928438,0.9746,0.9615,0.0791,0.1327,0.001000000047
ADAM,MLCNN,1,,29,4.331961393,0.9783,0.9519,0.0595,0.1595,0.001000000047
ADAM,MLCNN,1,,30,4.444313049,0.9772,0.9606,0.0605,0.1439,0.001000000047
ADAM,MLCNN,2,,1,19.26446629,0.6538,0.3535,1.0116,3.7298,0.001000000047
ADAM,MLCNN,2,,2,4.477514029,0.768,0.7122,0.6237,0.9685,0.001000000047
ADAM,MLCNN,2,,3,4.518337488,0.8028,0.7927,0.5352,0.505,0.001000000047
ADAM,MLCNN,2,,4,4.401210785,0.8326,0.8504,0.4476,0.4466,0.001000000047
ADAM,MLCNN,2,,5,4.52214551,0.8566,0.8871,0.3926,0.3304,0.001000000047
ADAM,MLCNN,2,,6,4.522751331,0.8842,0.8154,0.3103,0.5712,0.001000000047
ADAM,MLCNN,2,,7,4.442447662,0.8925,0.7865,0.3021,0.7461,0.001000000047
ADAM,MLCNN,2,,8,4.55776763,0.9098,0.8933,0.2444,0.2999,0.001000000047
ADAM,MLCNN,2,,9,4.488226414,0.9177,0.8723,0.2217,0.3374,0.001000000047
ADAM,MLCNN,2,,10,4.337560177,0.9243,0.9361,0.1951,0.2021,0.001000000047
ADAM,MLCNN,2,,11,4.386732578,0.9354,0.8941,0.184,0.3104,0.001000000047
ADAM,MLCNN,2,,12,4.459511042,0.9265,0.9326,0.1998,0.2046,0.001000000047
ADAM,MLCNN,2,,13,4.412060738,0.9392,0.9405,0.1757,0.1929,0.001000000047
ADAM,MLCNN,2,,14,4.319318771,0.9473,0.93,0.1522,0.2387,0.001000000047
ADAM,MLCNN,2,,15,4.498898268,0.9514,0.9283,0.1309,0.2414,0.001000000047
ADAM,MLCNN,2,,16,4.451300144,0.9521,0.9475,0.1515,0.1661,0.001000000047
ADAM,MLCNN,2,,17,4.326732635,0.954,0.9283,0.128,0.2117,0.001000000047
ADAM,MLCNN,2,,18,4.323229074,0.9589,0.9108,0.1184,0.279,0.001000000047
ADAM,MLCNN,2,,19,4.264570713,0.9617,0.9405,0.107,0.2045,0.001000000047
ADAM,MLCNN,2,,20,4.308595896,0.9652,0.9414,0.0985,0.1898,0.001000000047
ADAM,MLCNN,2,,21,4.355365992,0.9593,0.9344,0.1219,0.213,0.001000000047
ADAM,MLCNN,2,,22,4.314432383,0.9654,0.9431,0.1045,0.1795,0.001000000047
ADAM,MLCNN,2,,23,4.195882082,0.9735,0.9431,0.0764,0.2091,0.001000000047
ADAM,MLCNN,2,,24,4.096861601,0.9753,0.9466,0.0746,0.1938,0.001000000047
ADAM,MLCNN,2,,25,4.307730675,0.9667,0.9213,0.0998,0.2654,0.001000000047
ADAM,MLCNN,2,,26,4.31683588,0.9637,0.951,0.1072,0.1781,0.001000000047
ADAM,MLCNN,2,,27,4.337589025,0.9724,0.9501,0.0821,0.1766,0.001000000047
ADAM,MLCNN,2,,28,4.270568371,0.9779,0.9615,0.0658,0.159,0.001000000047
ADAM,MLCNN,2,,29,4.277788639,0.984,0.9598,0.053,0.1513,0.001000000047
ADAM,MLCNN,2,,30,4.250044823,0.9829,0.9545,0.0505,0.1892,0.001000000047
ADAM,MLCNN,3,,1,18.69998646,0.6558,0.2609,0.9791,3.3739,0.001000000047
ADAM,MLCNN,3,,2,5.637233496,0.77,0.7776,0.6411,0.7157,0.001000000047
ADAM,MLCNN,3,,3,4.70549345,0.8057,0.817,0.5464,0.5772,0.001000000047
ADAM,MLCNN,3,,4,4.593503952,0.8495,0.8004,0.4184,0.6696,0.001000000047
ADAM,MLCNN,3,,5,4.571827888,0.8748,0.8958,0.3611,0.2849,0.001000000047
ADAM,MLCNN,3,,6,4.482567787,0.8834,0.9256,0.3361,0.2125,0.001000000047
ADAM,MLCNN,3,,7,4.430365324,0.9063,0.8739,0.279,0.3562,0.001000000047
ADAM,MLCNN,3,,8,4.365253448,0.9193,0.9264,0.2268,0.2086,0.001000000047
ADAM,MLCNN,3,,9,4.402408361,0.9269,0.9159,0.211,0.2473,0.001000000047
ADAM,MLCNN,3,,10,4.369292974,0.928,0.8984,0.201,0.2764,0.001000000047
ADAM,MLCNN,3,,11,4.358360529,0.9383,0.9273,0.1782,0.2476,0.001000000047
ADAM,MLCNN,3,,12,4.169253826,0.9396,0.9361,0.1745,0.205,0.001000000047
ADAM,MLCNN,3,,13,4.344961643,0.9455,0.9142,0.1506,0.2924,0.001000000047
ADAM,MLCNN,3,,14,4.385253191,0.9545,0.9623,0.1324,0.145,0.001000000047
ADAM,MLCNN,3,,15,4.456273794,0.9602,0.9422,0.1196,0.2032,0.001000000047
ADAM,MLCNN,3,,16,4.42956233,0.9468,0.9396,0.1523,0.1687,0.001000000047
ADAM,MLCNN,3,,17,4.576295376,0.963,0.9466,0.1114,0.1794,0.001000000047
ADAM,MLCNN,3,,18,4.515500784,0.963,0.9606,0.1018,0.1433,0.001000000047
ADAM,MLCNN,3,,19,4.467437983,0.9635,0.9685,0.1097,0.1259,0.001000000047
ADAM,MLCNN,3,,20,4.666535616,0.9606,0.9518,0.1175,0.157,0.001000000047
ADAM,MLCNN,3,,21,4.538275719,0.9722,0.9457,0.087,0.1795,0.001000000047
ADAM,MLCNN,3,,22,4.543612719,0.9672,0.9413,0.1014,0.2034,0.001000000047
ADAM,MLCNN,3,,23,4.324776173,0.9775,0.9387,0.0753,0.2022,0.001000000047
ADAM,MLCNN,3,,24,4.238485813,0.965,0.9475,0.0965,0.1766,0.001000000047
ADAM,MLCNN,3,,25,4.190724611,0.9748,0.9352,0.0761,0.2435,0.001000000047
ADAM,MLCNN,3,,26,4.281740904,0.9685,0.9606,0.0932,0.1489,0.001000000047
ADAM,MLCNN,3,,27,4.256286383,0.9744,0.9475,0.0795,0.1805,0.001000000047
ADAM,MLCNN,3,,28,4.244943142,0.9772,0.9632,0.0744,0.1727,0.001000000047
ADAM,MLCNN,3,,29,4.423008919,0.9847,0.9212,0.0465,0.3201,0.001000000047
ADAM,MLCNN,3,,30,4.368358374,0.9685,0.9641,0.0921,0.1239,0.001000000047
ADAM,MLCNN,4,,1,18.38883877,0.6348,0.2461,1.0564,3.7048,0.001000000047
ADAM,MLCNN,4,,2,4.717726231,0.7492,0.5981,0.6955,1.3485,0.001000000047
ADAM,MLCNN,4,,3,4.617129803,0.7923,0.8485,0.5548,0.3949,0.001000000047
ADAM,MLCNN,4,,4,4.326037884,0.8282,0.7566,0.4623,0.6498,0.001000000047
ADAM,MLCNN,4,,5,4.346879482,0.8617,0.852,0.3858,0.3981,0.001000000047
ADAM,MLCNN,4,,6,4.25199151,0.8834,0.9028,0.3363,0.2903,0.001000000047
ADAM,MLCNN,4,,7,4.269401073,0.888,0.9457,0.2985,0.1597,0.001000000047
ADAM,MLCNN,4,,8,4.279613256,0.8996,0.9229,0.266,0.2174,0.001000000047
ADAM,MLCNN,4,,9,4.351701498,0.9105,0.9361,0.2531,0.1791,0.001000000047
ADAM,MLCNN,4,,10,4.431397438,0.9278,0.8433,0.2022,0.5197,0.001000000047
ADAM,MLCNN,4,,11,4.391138792,0.9114,0.9396,0.2413,0.2062,0.001000000047
ADAM,MLCNN,4,,12,4.2900002,0.9341,0.9081,0.1752,0.2666,0.001000000047
ADAM,MLCNN,4,,13,4.208364248,0.9379,0.9413,0.1753,0.1669,0.001000000047
ADAM,MLCNN,4,,14,4.302887678,0.9462,0.9396,0.157,0.1967,0.001000000047
ADAM,MLCNN,4,,15,4.280777693,0.9499,0.9588,0.1371,0.1313,0.001000000047
ADAM,MLCNN,4,,16,4.318255186,0.9536,0.9562,0.1366,0.1309,0.001000000047
ADAM,MLCNN,4,,17,4.268442869,0.9462,0.9475,0.1446,0.1751,0.001000000047
ADAM,MLCNN,4,,18,4.340344429,0.9648,0.9536,0.1104,0.148,0.001000000047
ADAM,MLCNN,4,,19,4.302119493,0.9611,0.9431,0.1057,0.1934,0.001000000047
ADAM,MLCNN,4,,20,4.366285324,0.9495,0.9212,0.1504,0.2161,0.001000000047
ADAM,MLCNN,4,,21,4.318147182,0.9527,0.9606,0.1349,0.1457,0.001000000047
ADAM,MLCNN,4,,22,4.274546862,0.9597,0.8958,0.1137,0.3278,0.001000000047
ADAM,MLCNN,4,,23,4.319219828,0.9742,0.9431,0.0793,0.1718,0.001000000047
ADAM,MLCNN,4,,24,4.342423916,0.9702,0.9553,0.0902,0.1614,0.001000000047
ADAM,MLCNN,4,,25,4.46249485,0.9746,0.972,0.0744,0.1127,0.001000000047
ADAM,MLCNN,4,,26,4.425847292,0.9761,0.9571,0.0718,0.1718,0.001000000047
ADAM,MLCNN,4,,27,4.358513594,0.9718,0.873,0.0774,0.4615,0.001000000047
ADAM,MLCNN,4,,28,4.310031891,0.9656,0.9536,0.1016,0.1696,0.001000000047
ADAM,MLCNN,4,,29,4.474991798,0.9722,0.9562,0.0826,0.188,0.001000000047
ADAM,MLCNN,4,,30,4.422351837,0.9796,0.9641,0.0537,0.1243,0.001000000047
ADAM,MLCNN,5,,1,19.83496952,0.6473,0.2636,1.0199,6.1597,0.001000000047
ADAM,MLCNN,5,,2,4.995205879,0.7532,0.7294,0.6854,0.7045,0.001000000047
ADAM,MLCNN,5,,3,4.512477398,0.8007,0.8415,0.5306,0.4923,0.001000000047
ADAM,MLCNN,5,,4,4.377185345,0.8438,0.8406,0.4494,0.5081,0.001000000047
ADAM,MLCNN,5,,5,4.76360774,0.8698,0.8967,0.3631,0.3199,0.001000000047
ADAM,MLCNN,5,,6,4.366089106,0.8849,0.8827,0.3288,0.3585,0.001000000047
ADAM,MLCNN,5,,7,4.414561272,0.8998,0.8765,0.2736,0.3777,0.001000000047
ADAM,MLCNN,5,,8,4.36933589,0.9171,0.8879,0.2432,0.4344,0.001000000047
ADAM,MLCNN,5,,9,4.434524059,0.916,0.9264,0.2263,0.1821,0.001000000047
ADAM,MLCNN,5,,10,4.433756828,0.9295,0.8757,0.2033,0.3742,0.001000000047
ADAM,MLCNN,5,,11,4.356094837,0.9374,0.9282,0.1761,0.2278,0.001000000047
ADAM,MLCNN,5,,12,4.353303909,0.9348,0.9466,0.1907,0.1489,0.001000000047
ADAM,MLCNN,5,,13,4.468899727,0.946,0.9291,0.1594,0.2113,0.001000000047
ADAM,MLCNN,5,,14,4.524099588,0.9486,0.9326,0.1496,0.2141,0.001000000047
ADAM,MLCNN,5,,15,4.417613506,0.9591,0.9431,0.1297,0.2103,0.001000000047
ADAM,MLCNN,5,,16,4.322914124,0.9554,0.9089,0.1324,0.2953,0.001000000047
ADAM,MLCNN,5,,17,4.294591904,0.9573,0.9326,0.1265,0.1919,0.001000000047
ADAM,MLCNN,5,,18,4.26121068,0.9354,0.9571,0.1878,0.1184,0.001000000047
ADAM,MLCNN,5,,19,4.341876268,0.9621,0.9623,0.1076,0.1231,0.001000000047
ADAM,MLCNN,5,,20,4.279438734,0.9672,0.965,0.0945,0.1261,0.001000000047
ADAM,MLCNN,5,,21,4.336485147,0.9718,0.9606,0.0879,0.1227,0.001000000047
ADAM,MLCNN,5,,22,4.246195078,0.9713,0.6909,0.0862,1.1131,0.001000000047
ADAM,MLCNN,5,,23,4.461738348,0.9687,0.9588,0.0948,0.1272,0.001000000047
ADAM,MLCNN,5,,24,4.378359795,0.9731,0.965,0.0831,0.1229,0.001000000047
ADAM,MLCNN,5,,25,4.38050127,0.977,0.965,0.0641,0.1241,0.001000000047
ADAM,MLCNN,5,,26,4.318292379,0.9803,0.9623,0.0612,0.1338,0.001000000047
ADAM,MLCNN,5,,27,4.455270767,0.9766,0.9448,0.0747,0.2307,0.001000000047
ADAM,MLCNN,5,,28,4.398925781,0.9799,0.9606,0.0638,0.1381,0.001000000047
ADAM,MLCNN,5,,29,4.874184608,0.9764,0.9694,0.0762,0.1087,0.001000000047
ADAM,MLCNN,5,,30,4.455817938,0.9799,0.9694,0.0587,0.1041,0.001000000047
ADAM,QUANTUM CNN,1,,1,38.10034108,0.4804,0.4628,1.1643,1.2827,0.001
ADAM,QUANTUM CNN,1,,2,4.081011534,0.5734,0.6177,1.0157,0.9479,0.001
ADAM,QUANTUM CNN,1,,3,4.04940176,0.5907,0.4646,0.978,1.2011,0.001
ADAM,QUANTUM CNN,1,,4,4.056107521,0.5767,0.6212,0.989,0.9261,0.001
ADAM,QUANTUM CNN,1,,5,4.138493776,0.5844,0.6045,0.9846,0.9432,0.001
ADAM,QUANTUM CNN,1,,6,4.1242342,0.6128,0.6605,0.9755,0.8945,0.001
ADAM,QUANTUM CNN,1,,7,4.06265378,0.6246,0.5293,0.9202,0.9891,0.001
ADAM,QUANTUM CNN,1,,8,4.077780962,0.6084,0.5372,0.9233,1.0657,0.001
ADAM,QUANTUM CNN,1,,9,4.084151506,0.5947,0.608,0.9604,0.9888,0.001
ADAM,QUANTUM CNN,1,,10,4.189799547,0.6271,0.6597,0.9061,0.8101,0.001
ADAM,QUANTUM CNN,1,,11,4.143085957,0.6347,0.5748,0.8704,1.0363,0.001
ADAM,QUANTUM CNN,1,,12,4.062525272,0.6426,0.7095,0.8384,0.7206,0.001
ADAM,QUANTUM CNN,1,,13,4.007714272,0.6443,0.6518,0.8491,0.8801,0.001
ADAM,QUANTUM CNN,1,,14,4.091883421,0.6432,0.6623,0.8524,0.8013,0.001
ADAM,QUANTUM CNN,1,,15,4.008123636,0.6446,0.6632,0.8279,0.8045,0.001
ADAM,QUANTUM CNN,1,,16,4.082015991,0.6255,0.6579,0.867,0.7592,0.001
ADAM,QUANTUM CNN,1,,17,4.065503359,0.6395,0.6999,0.8267,0.7277,0.001
ADAM,QUANTUM CNN,1,,18,4.230726957,0.6651,0.699,0.802,0.7233,0.0005
ADAM,QUANTUM CNN,1,,19,4.134112597,0.6634,0.7078,0.7887,0.7058,0.0005
ADAM,QUANTUM CNN,1,,20,4.054700375,0.6739,0.6579,0.7581,0.7632,0.0005
ADAM,QUANTUM CNN,1,,21,4.027851343,0.6796,0.7078,0.7457,0.6933,0.0005
ADAM,QUANTUM CNN,1,,22,4.05168891,0.6809,0.7157,0.7483,0.6876,0.0005
ADAM,QUANTUM CNN,1,,23,3.995260715,0.678,0.7253,0.7474,0.6496,0.0005
ADAM,QUANTUM CNN,1,,24,4.327880621,0.6767,0.7297,0.7446,0.6461,0.0005
ADAM,QUANTUM CNN,1,,25,4.30253315,0.687,0.7183,0.7265,0.6594,0.0005
ADAM,QUANTUM CNN,1,,26,4.101334572,0.6883,0.72,0.7238,0.6852,0.0005
ADAM,QUANTUM CNN,1,,27,4.060387135,0.6894,0.7148,0.7285,0.6985,0.0005
ADAM,QUANTUM CNN,1,,28,3.964596987,0.6879,0.7244,0.713,0.6541,0.0005
ADAM,QUANTUM CNN,1,,29,3.982992887,0.6938,0.7244,0.712,0.6521,0.0005
ADAM,QUANTUM CNN,1,,30,3.944284439,0.6986,0.7262,0.6958,0.6402,0.00025
ADAM,QUANTUM CNN,2,,1,25.58182502,0.4344,0.5626,1.2569,1.1604,0.001
ADAM,QUANTUM CNN,2,,2,4.1074512,0.5369,0.5652,1.1482,1.0514,0.001
ADAM,QUANTUM CNN,2,,3,4.012850523,0.557,0.5941,1.1053,1.0618,0.001
ADAM,QUANTUM CNN,2,,4,4.090892076,0.5763,0.5888,1.0445,0.9944,0.001
ADAM,QUANTUM CNN,2,,5,4.158194065,0.5942,0.5923,0.9948,0.9447,0.001
ADAM,QUANTUM CNN,2,,6,4.180543423,0.6174,0.5827,0.9273,1.0302,0.001
ADAM,QUANTUM CNN,2,,7,4.127705574,0.6251,0.5704,0.9366,1.1429,0.001
ADAM,QUANTUM CNN,2,,8,4.013044596,0.6321,0.3631,0.9075,1.8894,0.001
ADAM,QUANTUM CNN,2,,9,4.085431576,0.6391,0.6378,0.8775,0.8719,0.001
ADAM,QUANTUM CNN,2,,10,4.127418756,0.65,0.6903,0.8464,0.8467,0.001
ADAM,QUANTUM CNN,2,,11,4.093281507,0.6605,0.6308,0.8176,0.8688,0.001
ADAM,QUANTUM CNN,2,,12,4.226339102,0.654,0.6247,0.8273,0.8337,0.001
ADAM,QUANTUM CNN,2,,13,4.090480089,0.6369,0.6702,0.8552,0.7714,0.001
ADAM,QUANTUM CNN,2,,14,4.045671701,0.661,0.6675,0.8444,0.8426,0.001
ADAM,QUANTUM CNN,2,,15,4.045418262,0.6649,0.6072,0.8569,0.8915,0.001
ADAM,QUANTUM CNN,2,,16,4.021183968,0.664,0.699,0.8272,0.7068,0.001
ADAM,QUANTUM CNN,2,,17,4.04056406,0.6881,0.7157,0.7728,0.6952,0.001
ADAM,QUANTUM CNN,2,,18,4.074955702,0.6916,0.7358,0.8053,0.7251,0.001
ADAM,QUANTUM CNN,2,,19,4.075520039,0.654,0.5617,0.8361,1.3912,0.001
ADAM,QUANTUM CNN,2,,20,4.21679306,0.6599,0.6824,0.8616,0.8,0.001
ADAM,QUANTUM CNN,2,,21,4.112572193,0.6592,0.6597,0.8468,0.7714,0.001
ADAM,QUANTUM CNN,2,,22,4.121620417,0.6645,0.6745,0.8178,0.805,0.001
ADAM,QUANTUM CNN,2,,23,4.118974447,0.6934,0.706,0.7525,0.6846,0.0005
ADAM,QUANTUM CNN,2,,24,4.026654482,0.6916,0.7279,0.7284,0.6693,0.0005
ADAM,QUANTUM CNN,2,,25,4.074442863,0.6973,0.7148,0.7215,0.731,0.0005
ADAM,QUANTUM CNN,2,,26,4.052495718,0.7045,0.7244,0.6989,0.6597,0.0005
ADAM,QUANTUM CNN,2,,27,4.133160353,0.7028,0.7192,0.6995,0.6418,0.0005
ADAM,QUANTUM CNN,2,,28,4.092850208,0.6995,0.706,0.7059,0.6735,0.0005
ADAM,QUANTUM CNN,2,,29,4.165011883,0.6988,0.7305,0.6953,0.6635,0.0005
ADAM,QUANTUM CNN,2,,30,4.069198132,0.7207,0.7279,0.6732,0.6348,0.0005
ADAM,QUANTUM CNN,3,,1,25.61731029,0.4221,0.507,1.2255,1.3003,0.001
ADAM,QUANTUM CNN,3,,2,4.16852212,0.5569,0.5919,1.0572,0.9828,0.001
ADAM,QUANTUM CNN,3,,3,4.151876688,0.5781,0.6637,1.0181,0.8725,0.001
ADAM,QUANTUM CNN,3,,4,4.098656416,0.6365,0.6165,0.9354,0.9031,0.001
ADAM,QUANTUM CNN,3,,5,4.126815319,0.6241,0.6366,0.9049,0.9781,0.001
ADAM,QUANTUM CNN,3,,6,4.169379234,0.6383,0.6664,0.9083,0.7927,0.001
ADAM,QUANTUM CNN,3,,7,4.153423071,0.6477,0.6839,0.8746,0.7651,0.001
ADAM,QUANTUM CNN,3,,8,4.147913694,0.653,0.5096,0.848,1.3055,0.001
ADAM,QUANTUM CNN,3,,9,4.14086771,0.6477,0.6541,0.8354,0.7952,0.001
ADAM,QUANTUM CNN,3,,10,4.235279083,0.6516,0.5867,0.8151,0.9595,0.001
ADAM,QUANTUM CNN,3,,11,4.188398361,0.66,0.6926,0.8436,0.7149,0.001
ADAM,QUANTUM CNN,3,,12,4.219746828,0.6626,0.606,0.8193,0.8556,0.001
ADAM,QUANTUM CNN,3,,13,4.161669493,0.6829,0.6856,0.7741,0.7195,0.001
ADAM,QUANTUM CNN,3,,14,4.067651987,0.6775,0.7049,0.7707,0.6796,0.001
ADAM,QUANTUM CNN,3,,15,4.142647743,0.6961,0.7032,0.7359,0.6838,0.001
ADAM,QUANTUM CNN,3,,16,4.076562643,0.6902,0.6996,0.751,0.7149,0.001
ADAM,QUANTUM CNN,3,,17,4.066344261,0.6803,0.7093,0.7564,0.6956,0.001
ADAM,QUANTUM CNN,3,,18,4.18707633,0.6853,0.6944,0.748,0.6983,0.001
ADAM,QUANTUM CNN,3,,19,4.053867579,0.6654,0.6935,0.7732,0.6922,0.001
ADAM,QUANTUM CNN,3,,20,3.975385427,0.6928,0.7408,0.7322,0.6606,0.0005
ADAM,QUANTUM CNN,3,,21,4.032830715,0.6945,0.7137,0.7134,0.6838,0.0005
ADAM,QUANTUM CNN,3,,22,3.969090462,0.7011,0.7189,0.7427,0.641,0.0005
ADAM,QUANTUM CNN,3,,23,3.971676588,0.7114,0.6918,0.6946,0.7066,0.0005
ADAM,QUANTUM CNN,3,,24,4.167296171,0.7015,0.7058,0.71,0.6769,0.0005
ADAM,QUANTUM CNN,3,,25,4.134363413,0.7061,0.7285,0.6982,0.6291,0.0005
ADAM,QUANTUM CNN,3,,26,4.179471254,0.7116,0.7084,0.6751,0.6506,0.0005
ADAM,QUANTUM CNN,3,,27,4.092456579,0.7158,0.7338,0.6787,0.645,0.0005
ADAM,QUANTUM CNN,3,,28,4.244400978,0.7158,0.7207,0.6502,0.6381,0.0005
ADAM,QUANTUM CNN,3,,29,4.208155394,0.7158,0.7093,0.6553,0.6235,0.0005
ADAM,QUANTUM CNN,3,,30,4.208695173,0.7136,0.7163,0.67,0.6152,0.0005
ADAM,QUANTUM CNN,4,,1,21.51631927,0.4015,0.3354,1.2603,1.3462,0.001
ADAM,QUANTUM CNN,4,,2,4.100491285,0.519,0.5613,1.1186,1.1444,0.001
ADAM,QUANTUM CNN,4,,3,4.176952839,0.551,0.6375,1.0494,0.9414,0.001
ADAM,QUANTUM CNN,4,,4,4.129166365,0.5886,0.5464,0.9724,1.0591,0.001
ADAM,QUANTUM CNN,4,,5,4.135677338,0.6092,0.6524,0.9712,0.8697,0.001
ADAM,QUANTUM CNN,4,,6,4.151551008,0.6147,0.5911,0.9424,1.0115,0.001
ADAM,QUANTUM CNN,4,,7,4.204645872,0.6319,0.6261,0.9059,0.9167,0.001
ADAM,QUANTUM CNN,4,,8,4.132342815,0.6293,0.6559,0.9051,0.8554,0.001
ADAM,QUANTUM CNN,4,,9,4.161206722,0.6354,0.648,0.8783,0.8477,0.001
ADAM,QUANTUM CNN,4,,10,4.236414909,0.6368,0.6611,0.86,0.8141,0.001
ADAM,QUANTUM CNN,4,,11,4.322346926,0.6481,0.6401,0.8167,0.8477,0.001
ADAM,QUANTUM CNN,4,,12,4.325140238,0.6446,0.648,0.8618,0.8376,0.001
ADAM,QUANTUM CNN,4,,13,4.165325165,0.6444,0.6305,0.8287,0.8883,0.001
ADAM,QUANTUM CNN,4,,14,4.154363155,0.6514,0.6708,0.8197,0.7839,0.001
ADAM,QUANTUM CNN,4,,15,4.123099089,0.6503,0.6848,0.8141,0.7655,0.001
ADAM,QUANTUM CNN,4,,16,3.972077608,0.67,0.69,0.782,0.725,0.001
ADAM,QUANTUM CNN,4,,17,4.091155529,0.6676,0.7023,0.7766,0.7412,0.001
ADAM,QUANTUM CNN,4,,18,4.100956678,0.6687,0.662,0.7884,0.7935,0.001
ADAM,QUANTUM CNN,4,,19,4.062118769,0.6729,0.7128,0.7659,0.6829,0.001
ADAM,QUANTUM CNN,4,,20,4.133262396,0.6832,0.7023,0.7502,0.6856,0.001
ADAM,QUANTUM CNN,4,,21,4.097864151,0.6766,0.6743,0.7484,0.7156,0.001
ADAM,QUANTUM CNN,4,,22,4.04359293,0.6788,0.7084,0.7267,0.7305,0.001
ADAM,QUANTUM CNN,4,,23,4.086912632,0.6875,0.655,0.7295,0.9175,0.001
ADAM,QUANTUM CNN,4,,24,4.193777561,0.6807,0.7023,0.8239,0.7121,0.001
ADAM,QUANTUM CNN,4,,25,4.123674154,0.7002,0.7084,0.7386,0.6937,0.0005
ADAM,QUANTUM CNN,4,,26,4.10231328,0.7042,0.7198,0.7055,0.6668,0.0005
ADAM,QUANTUM CNN,4,,27,4.103372574,0.6873,0.69,0.7358,0.7045,0.0005
ADAM,QUANTUM CNN,4,,28,4.068372011,0.6775,0.6961,0.732,0.6701,0.0005
ADAM,QUANTUM CNN,4,,29,4.113548756,0.6816,0.6804,0.7024,0.695,0.0005
ADAM,QUANTUM CNN,4,,30,4.072408438,0.6939,0.7189,0.6944,0.6572,0.0005
ADAM,QUANTUM CNN,5,,1,20.51108432,0.4074,0.4545,1.2452,1.241,0.001
ADAM,QUANTUM CNN,5,,2,4.092505455,0.5427,0.549,1.1259,1.0742,0.001
ADAM,QUANTUM CNN,5,,3,4.110420704,0.5709,0.6532,1.0389,0.8708,0.001
ADAM,QUANTUM CNN,5,,4,4.124112844,0.6085,0.6182,0.9582,0.9296,0.001
ADAM,QUANTUM CNN,5,,5,4.163129807,0.612,0.6708,0.9456,0.8772,0.001
ADAM,QUANTUM CNN,5,,6,4.123511314,0.623,0.6655,0.8947,0.8203,0.001
ADAM,QUANTUM CNN,5,,7,4.082464933,0.6333,0.6944,0.8797,0.747,0.001
ADAM,QUANTUM CNN,5,,8,4.12938571,0.6361,0.5657,0.8498,0.9442,0.001
ADAM,QUANTUM CNN,5,,9,4.091463327,0.6241,0.6576,0.8722,0.7415,0.001
ADAM,QUANTUM CNN,5,,10,4.077556849,0.6407,0.387,0.8469,1.5321,0.001
ADAM,QUANTUM CNN,5,,11,4.126208305,0.6416,0.7058,0.9157,0.8445,0.001
ADAM,QUANTUM CNN,5,,12,4.130261183,0.6635,0.7102,0.857,0.6936,0.001
ADAM,QUANTUM CNN,5,,13,4.100534678,0.6477,0.6953,0.813,0.7009,0.001
ADAM,QUANTUM CNN,5,,14,4.117455482,0.6678,0.6856,0.7789,0.7088,0.001
ADAM,QUANTUM CNN,5,,15,4.098234415,0.665,0.6559,0.8009,0.7684,0.001
ADAM,QUANTUM CNN,5,,16,4.079725504,0.6713,0.718,0.7608,0.7284,0.001
ADAM,QUANTUM CNN,5,,17,4.092891216,0.6689,0.7067,0.7781,0.6672,0.001
ADAM,QUANTUM CNN,5,,18,4.057735443,0.6759,0.7032,0.7474,0.6778,0.001
ADAM,QUANTUM CNN,5,,19,4.114002228,0.6543,0.6708,0.8027,0.9154,0.001
ADAM,QUANTUM CNN,5,,20,4.097932816,0.6543,0.7005,0.8498,0.7282,0.001
ADAM,QUANTUM CNN,5,,21,4.091296673,0.6823,0.7145,0.7476,0.6611,0.001
ADAM,QUANTUM CNN,5,,22,4.079473972,0.6805,0.6891,0.7411,0.6981,0.001
ADAM,QUANTUM CNN,5,,23,4.134674788,0.6818,0.7215,0.7391,0.6285,0.001
ADAM,QUANTUM CNN,5,,24,4.104215384,0.6862,0.7067,0.7249,0.6975,0.001
ADAM,QUANTUM CNN,5,,25,4.130839825,0.6836,0.7154,0.7166,0.663,0.001
ADAM,QUANTUM CNN,5,,26,4.237999678,0.6788,0.6944,0.7221,0.7427,0.001
ADAM,QUANTUM CNN,5,,27,4.272544861,0.6742,0.7049,0.7405,0.6965,0.001
ADAM,QUANTUM CNN,5,,28,4.386735678,0.6606,0.7259,0.7667,0.6416,0.001
ADAM,QUANTUM CNN,5,,29,4.309190989,0.6862,0.725,0.7201,0.6396,0.0005
ADAM,QUANTUM CNN,5,,30,4.112588406,0.6832,0.7154,0.722,0.6722,0.0005
SDG,FEDERATED CNN,1,1,1,20.3459518,0.5853018165,0.2550394535,1.221124172,2.690466404,0.001000000047
SDG,FEDERATED CNN,1,1,2,5.730643034,0.725284338,0.2550394535,0.7628042698,2.690466404,0.001000000047
SDG,FEDERATED CNN,1,1,3,5.672344685,0.746281743,0.2550394535,0.6773433089,2.690466404,0.001000000047
SDG,FEDERATED CNN,1,1,4,5.337946653,0.764654398,0.2550394535,0.6170249581,2.690466404,0.001000000047
SDG,FEDERATED CNN,1,1,5,5.613487959,0.784776926,0.2550394535,0.5816651583,2.690466404,0.001000000047
SDG,FEDERATED CNN,1,1,6,5.680433989,0.8066491485,0.2550394535,0.5300241113,2.690466404,0.001000000047
SDG,FEDERATED CNN,1,2,1,16.65547395,0.5608049035,0.2550394535,1.222064137,2.690466404,0.001000000047
SDG,FEDERATED CNN,1,2,2,5.717463493,0.703412056,0.2550394535,0.7843877077,2.690466404,0.001000000047
SDG,FEDERATED CNN,1,2,3,5.501873016,0.710411191,0.2550394535,0.7444121242,2.690466404,0.001000000047
SDG,FEDERATED CNN,1,2,4,5.298178434,0.734033227,0.2550394535,0.6598206758,2.690466404,0.001000000047
SDG,FEDERATED CNN,1,2,5,5.831027508,0.7611548305,0.2550394535,0.6040095091,2.690466404,0.001000000047
SDG,FEDERATED CNN,1,2,6,5.8065207,0.7760279775,0.2550394535,0.5666260719,2.690466404,0.001000000047
SDG,FEDERATED CNN,1,3,1,19.74999022,0.6164623499,0.2550394535,1.150610805,2.690466404,0.001000000047
SDG,FEDERATED CNN,1,3,2,5.604811907,0.6970227957,0.2550394535,0.8070578575,2.690466404,0.001000000047
SDG,FEDERATED CNN,1,3,3,5.702251911,0.7819615006,0.2550394535,0.6007735133,2.690466404,0.001000000047
SDG,FEDERATED CNN,1,3,4,5.742691994,0.7950963378,0.2550394535,0.5399218202,2.690466404,0.001000000047
SDG,FEDERATED CNN,1,3,5,5.676366329,0.7959719896,0.2550394535,0.5324906111,2.690466404,0.001000000047
SDG,FEDERATED CNN,1,3,6,5.79837656,0.8309982419,0.2550394535,0.4583878219,2.690466404,0.001000000047
SDG,FEDERATED CNN,1,4,1,17.40496087,0.576182127,0.2550394535,1.177562952,2.690466404,0.001000000047
SDG,FEDERATED CNN,1,4,2,5.639071703,0.6987740993,0.2550394535,0.8036547899,2.690466404,0.001000000047
SDG,FEDERATED CNN,1,4,3,5.570545912,0.7311733961,0.2550394535,0.7018563151,2.690466404,0.001000000047
SDG,FEDERATED CNN,1,4,4,5.69782567,0.7880910635,0.2550394535,0.5940069556,2.690466404,0.001000000047
SDG,FEDERATED CNN,1,4,5,5.811004162,0.790718019,0.2550394535,0.5891554952,2.690466404,0.001000000047
SDG,FEDERATED CNN,1,4,6,5.645597458,0.7872154117,0.2550394535,0.5445264578,2.690466404,0.001000000047
SDG,FEDERATED CNN,1,5,1,17.51457477,0.5718038678,0.2550394535,1.186021686,2.690466404,0.001000000047
SDG,FEDERATED CNN,1,5,2,6.028928995,0.7189142108,0.2550394535,0.7485129237,2.690466404,0.001000000047
SDG,FEDERATED CNN,1,5,3,6.028418779,0.7697022557,0.2550394535,0.6150755286,2.690466404,0.001000000047
SDG,FEDERATED CNN,1,5,4,5.657029152,0.7732049227,0.2550394535,0.6347171068,2.690466404,0.001000000047
SDG,FEDERATED CNN,1,5,5,5.581550121,0.8047285676,0.2550394535,0.5374688506,2.690466404,0.001000000047
SDG,FEDERATED CNN,1,5,6,5.87959981,0.8222416639,0.2550394535,0.4968826771,2.690466404,0.001000000047
SDG,FEDERATED CNN,2,1,1,17.39996052,0.671041131,0.2620508373,0.8692458868,2.244256735,0.001000000047
SDG,FEDERATED CNN,2,1,2,5.731860161,0.7130358815,0.2620508373,0.7196058035,2.244256735,0.001000000047
SDG,FEDERATED CNN,2,1,3,6.157240868,0.762904644,0.2620508373,0.6326041222,2.244256735,0.001000000047
SDG,FEDERATED CNN,2,1,4,5.83734107,0.764654398,0.2620508373,0.63050735,2.244256735,0.001000000047
SDG,FEDERATED CNN,2,1,5,5.662439585,0.762029767,0.2620508373,0.6146284342,2.244256735,0.001000000047
SDG,FEDERATED CNN,2,1,6,5.66773963,0.810148716,0.2620508373,0.5344769359,2.244256735,0.001000000047
SDG,FEDERATED CNN,2,2,1,16.76274776,0.647419095,0.2620508373,0.8815073371,2.244256735,0.001000000047
SDG,FEDERATED CNN,2,2,2,5.602056742,0.731408596,0.2620508373,0.7111001611,2.244256735,0.001000000047
SDG,FEDERATED CNN,2,2,3,5.640445948,0.7576553226,0.2620508373,0.6763743758,2.244256735,0.001000000047
SDG,FEDERATED CNN,2,2,4,5.520437241,0.7742782235,0.2620508373,0.6019906402,2.244256735,0.001000000047
SDG,FEDERATED CNN,2,2,5,5.88338232,0.780402422,0.2620508373,0.5676723719,2.244256735,0.001000000047
SDG,FEDERATED CNN,2,2,6,5.865726948,0.7979002595,0.2620508373,0.5230435729,2.244256735,0.001000000047
SDG,FEDERATED CNN,2,3,1,17.31570053,0.6768826842,0.2620508373,0.8298045993,2.244256735,0.001000000047
SDG,FEDERATED CNN,2,3,2,5.692359209,0.7486864924,0.2620508373,0.6402561665,2.244256735,0.001000000047
SDG,FEDERATED CNN,2,3,3,5.868023634,0.7740805745,0.2620508373,0.5888646245,2.244256735,0.001000000047
SDG,FEDERATED CNN,2,3,4,5.752573729,0.7977232933,0.2620508373,0.5456144214,2.244256735,0.001000000047
SDG,FEDERATED CNN,2,3,5,5.854815245,0.8029772043,0.2620508373,0.5315718055,2.244256735,0.001000000047
SDG,FEDERATED CNN,2,3,6,5.906359196,0.8257443309,0.2620508373,0.4915628135,2.244256735,0.001000000047
SDG,FEDERATED CNN,2,4,1,17.31621742,0.6444833875,0.2620508373,0.8867944479,2.244256735,0.001000000047
SDG,FEDERATED CNN,2,4,2,5.977946043,0.7154115438,0.2620508373,0.7393850684,2.244256735,0.001000000047
SDG,FEDERATED CNN,2,4,3,5.887895584,0.7591943741,0.2620508373,0.6018900871,2.244256735,0.001000000047
SDG,FEDERATED CNN,2,4,4,5.886237383,0.7915936708,0.2620508373,0.5720114708,2.244256735,0.001000000047
SDG,FEDERATED CNN,2,4,5,5.794375181,0.7828371525,0.2620508373,0.5334872007,2.244256735,0.001000000047
SDG,FEDERATED CNN,2,4,6,5.784015179,0.8178634048,0.2620508373,0.5039129853,2.244256735,0.001000000047
SDG,FEDERATED CNN,2,5,1,17.44862914,0.6602451801,0.2620508373,0.845682919,2.244256735,0.001000000047
SDG,FEDERATED CNN,2,5,2,6.102887392,0.7451838851,0.2620508373,0.6697117686,2.244256735,0.001000000047
SDG,FEDERATED CNN,2,5,3,5.736835957,0.7749562263,0.2620508373,0.6004166603,2.244256735,0.001000000047
SDG,FEDERATED CNN,2,5,4,5.959376097,0.8038529158,0.2620508373,0.5432690978,2.244256735,0.001000000047
SDG,FEDERATED CNN,2,5,5,5.759385109,0.8213660121,0.2620508373,0.4947668016,2.244256735,0.001000000047
SDG,FEDERATED CNN,2,5,6,5.856927156,0.8309982419,0.2620508373,0.4515940845,2.244256735,0.001000000047
SDG,FEDERATED CNN,3,1,1,17.14873004,0.7454068065,0.3155127168,0.6861027479,2.008101463,0.001000000047
SDG,FEDERATED CNN,3,1,2,5.702610731,0.7585301995,0.3155127168,0.6229837537,2.008101463,0.001000000047
SDG,FEDERATED CNN,3,1,3,5.961366892,0.7891513705,0.3155127168,0.56025213,2.008101463,0.001000000047
SDG,FEDERATED CNN,3,1,4,5.953334093,0.8048993945,0.3155127168,0.527547121,2.008101463,0.001000000047
SDG,FEDERATED CNN,3,1,5,5.8290236,0.8363954425,0.3155127168,0.4490152597,2.008101463,0.001000000047
SDG,FEDERATED CNN,3,1,6,5.833761454,0.8363954425,0.3155127168,0.4546233118,2.008101463,0.001000000047
SDG,FEDERATED CNN,3,2,1,17.31142998,0.74715662,0.3155127168,0.6966083646,2.008101463,0.001000000047
SDG,FEDERATED CNN,3,2,2,5.843869448,0.7734033465,0.3155127168,0.5965681076,2.008101463,0.001000000047
SDG,FEDERATED CNN,3,2,3,6.121663094,0.803149581,0.3155127168,0.5308891535,2.008101463,0.001000000047
SDG,FEDERATED CNN,3,2,4,5.610366821,0.8066491485,0.3155127168,0.5349977016,2.008101463,0.001000000047
SDG,FEDERATED CNN,3,2,5,5.908694983,0.8197725415,0.3155127168,0.4810890853,2.008101463,0.001000000047
SDG,FEDERATED CNN,3,2,6,5.947146893,0.840769887,0.3155127168,0.4485391974,2.008101463,0.001000000047
SDG,FEDERATED CNN,3,3,1,18.15673733,0.7889667153,0.3155127168,0.5614067912,2.008101463,0.001000000047
SDG,FEDERATED CNN,3,3,2,5.813006401,0.7740805745,0.3155127168,0.5836004615,2.008101463,0.001000000047
SDG,FEDERATED CNN,3,3,3,5.779709816,0.813485086,0.3155127168,0.5024007559,2.008101463,0.001000000047
SDG,FEDERATED CNN,3,3,4,6.054383278,0.8152364492,0.3155127168,0.4949522614,2.008101463,0.001000000047
SDG,FEDERATED CNN,3,3,5,5.890622377,0.8345008492,0.3155127168,0.4732396007,2.008101463,0.001000000047
SDG,FEDERATED CNN,3,3,6,5.800920963,0.8371278644,0.3155127168,0.4457486868,2.008101463,0.001000000047
SDG,FEDERATED CNN,3,4,1,18.49807644,0.7408056259,0.3155127168,0.6598699689,2.008101463,0.001000000047
SDG,FEDERATED CNN,3,4,2,5.971647739,0.7723292708,0.3155127168,0.6051148176,2.008101463,0.001000000047
SDG,FEDERATED CNN,3,4,3,5.899923801,0.7898423672,0.3155127168,0.5396283865,2.008101463,0.001000000047
SDG,FEDERATED CNN,3,4,4,5.735528231,0.8161121011,0.3155127168,0.4866651595,2.008101463,0.001000000047
SDG,FEDERATED CNN,3,4,5,5.690666676,0.824868679,0.3155127168,0.4774888754,2.008101463,0.001000000047
SDG,FEDERATED CNN,3,4,6,5.895510912,0.8309982419,0.3155127168,0.4567106962,2.008101463,0.001000000047
SDG,FEDERATED CNN,3,5,1,18.54511166,0.7810857892,0.3155127168,0.616286397,2.008101463,0.001000000047
SDG,FEDERATED CNN,3,5,2,5.587646008,0.7802101374,0.3155127168,0.5690976381,2.008101463,0.001000000047
SDG,FEDERATED CNN,3,5,3,5.951523304,0.8038529158,0.3155127168,0.5340998769,2.008101463,0.001000000047
SDG,FEDERATED CNN,3,5,4,6.030104399,0.8257443309,0.3155127168,0.4969406128,2.008101463,0.001000000047
SDG,FEDERATED CNN,3,5,5,6.002447844,0.8423817754,0.3155127168,0.4343498051,2.008101463,0.001000000047
SDG,FEDERATED CNN,3,5,6,5.820348024,0.8450087309,0.3155127168,0.4397492409,2.008101463,0.001000000047
SDG,FEDERATED CNN,4,1,1,17.51572013,0.824146986,0.4872918427,0.5237172842,1.421398997,0.001000000047
SDG,FEDERATED CNN,4,1,2,5.875194311,0.832895875,0.4872918427,0.4894560277,1.421398997,0.001000000047
SDG,FEDERATED CNN,4,1,3,5.705268145,0.8285214305,0.4872918427,0.4604678154,1.421398997,0.001000000047
SDG,FEDERATED CNN,4,1,4,5.81107378,0.8503937125,0.4872918427,0.4231261015,1.421398997,0.001000000047
SDG,FEDERATED CNN,4,1,5,5.869566202,0.846019268,0.4872918427,0.4363972545,1.421398997,0.001000000047
SDG,FEDERATED CNN,4,1,6,5.783919811,0.8372703195,0.4872918427,0.4375803471,1.421398997,0.001000000047
SDG,FEDERATED CNN,4,2,1,17.31700373,0.802274704,0.4872918427,0.5551800132,1.421398997,0.001000000047
SDG,FEDERATED CNN,4,2,2,5.994449854,0.7961505055,0.4872918427,0.5151262879,1.421398997,0.001000000047
SDG,FEDERATED CNN,4,2,3,5.806364059,0.8048993945,0.4872918427,0.5050511956,1.421398997,0.001000000047
SDG,FEDERATED CNN,4,2,4,5.701736689,0.838145256,0.4872918427,0.4390748441,1.421398997,0.001000000047
SDG,FEDERATED CNN,4,2,5,5.946523905,0.8512685895,0.4872918427,0.4167648554,1.421398997,0.001000000047
SDG,FEDERATED CNN,4,2,6,5.863699198,0.8591426015,0.4872918427,0.3985514939,1.421398997,0.001000000047
SDG,FEDERATED CNN,4,3,1,17.60112309,0.8309982419,0.4872918427,0.4665050507,1.421398997,0.001000000047
SDG,FEDERATED CNN,4,3,2,5.91719985,0.838879168,0.4872918427,0.4553455114,1.421398997,0.001000000047
SDG,FEDERATED CNN,4,3,3,5.818287373,0.8397548199,0.4872918427,0.4364899397,1.421398997,0.001000000047
SDG,FEDERATED CNN,4,3,4,5.762133121,0.8406304717,0.4872918427,0.4164388478,1.421398997,0.001000000047
SDG,FEDERATED CNN,4,3,5,5.727309465,0.8651488423,0.4872918427,0.3709123433,1.421398997,0.001000000047
SDG,FEDERATED CNN,4,3,6,5.930285215,0.8677758574,0.4872918427,0.3597086966,1.421398997,0.001000000047
SDG,FEDERATED CNN,4,4,1,17.97169447,0.8161121011,0.4872918427,0.5116113424,1.421398997,0.001000000047
SDG,FEDERATED CNN,4,4,2,5.602600574,0.8169877529,0.4872918427,0.5001192093,1.421398997,0.001000000047
SDG,FEDERATED CNN,4,4,3,5.515058517,0.8380035162,0.4872918427,0.4311221242,1.421398997,0.001000000047
SDG,FEDERATED CNN,4,4,4,5.791322708,0.8213660121,0.4872918427,0.4610362053,1.421398997,0.001000000047
SDG,FEDERATED CNN,4,4,5,5.592652321,0.852889657,0.4872918427,0.4295660853,1.421398997,0.001000000047
SDG,FEDERATED CNN,4,4,6,5.524487257,0.8458844423,0.4872918427,0.4298285246,1.421398997,0.001000000047
SDG,FEDERATED CNN,4,5,1,18.00702667,0.8204903603,0.4872918427,0.4925534427,1.421398997,0.001000000047
SDG,FEDERATED CNN,4,5,2,5.81027174,0.8485113978,0.4872918427,0.4547754526,1.421398997,0.001000000047
SDG,FEDERATED CNN,4,5,3,5.815663338,0.8397548199,0.4872918427,0.4318719506,1.421398997,0.001000000047
SDG,FEDERATED CNN,4,5,4,5.772321463,0.8537653089,0.4872918427,0.4092086554,1.421398997,0.001000000047
SDG,FEDERATED CNN,4,5,5,5.909143925,0.8546409607,0.4872918427,0.4219852388,1.421398997,0.001000000047
SDG,FEDERATED CNN,4,5,6,5.917161226,0.8625218868,0.4872918427,0.3632257283,1.421398997,0.001000000047
SDG,FEDERATED CNN,5,1,1,17.51459455,0.8433945775,0.4978089333,0.4429934323,1.347729921,0.001000000047
SDG,FEDERATED CNN,5,1,2,6.001540661,0.83989501,0.4978089333,0.4303556681,1.347729921,0.001000000047
SDG,FEDERATED CNN,5,1,3,5.742228031,0.8512685895,0.4978089333,0.4144730866,1.347729921,0.001000000047
SDG,FEDERATED CNN,5,1,4,5.866901398,0.8678914905,0.4978089333,0.3894272149,1.347729921,0.001000000047
SDG,FEDERATED CNN,5,1,5,5.77709341,0.8661417365,0.4978089333,0.3870904744,1.347729921,0.001000000047
SDG,FEDERATED CNN,5,1,6,5.525381327,0.8652668595,0.4978089333,0.3704324961,1.347729921,0.001000000047
SDG,FEDERATED CNN,5,2,1,16.95423555,0.846894145,0.4978089333,0.4534426033,1.347729921,0.001000000047
SDG,FEDERATED CNN,5,2,2,5.930775642,0.8425197005,0.4978089333,0.4169073999,1.347729921,0.001000000047
SDG,FEDERATED CNN,5,2,3,6.042151451,0.854768157,0.4978089333,0.3817021847,1.347729921,0.001000000047
SDG,FEDERATED CNN,5,2,4,5.923867941,0.8722659945,0.4978089333,0.3529763222,1.347729921,0.001000000047
SDG,FEDERATED CNN,5,2,5,5.94458127,0.855643034,0.4978089333,0.3769680858,1.347729921,0.001000000047
SDG,FEDERATED CNN,5,2,6,5.825177193,0.860892415,0.4978089333,0.359226495,1.347729921,0.001000000047
SDG,FEDERATED CNN,5,3,1,17.57680058,0.8546409607,0.4978089333,0.3933922946,1.347729921,0.001000000047
SDG,FEDERATED CNN,5,3,2,5.741660595,0.8642731905,0.4978089333,0.3515903056,1.347729921,0.001000000047
SDG,FEDERATED CNN,5,3,3,5.790305614,0.8852889538,0.4978089333,0.3304522038,1.347729921,0.001000000047
SDG,FEDERATED CNN,5,3,4,5.885993481,0.8721541166,0.4978089333,0.3472538292,1.347729921,0.001000000047
SDG,FEDERATED CNN,5,3,5,6.018728495,0.8896672726,0.4978089333,0.3090615869,1.347729921,0.001000000047
SDG,FEDERATED CNN,5,3,6,5.972171307,0.8940455317,0.4978089333,0.2976351976,1.347729921,0.001000000047
SDG,FEDERATED CNN,5,4,1,17.94573212,0.8371278644,0.4978089333,0.4314794838,1.347729921,0.001000000047
SDG,FEDERATED CNN,5,4,2,5.811628819,0.8721541166,0.4978089333,0.3911587,1.347729921,0.001000000047
SDG,FEDERATED CNN,5,4,3,5.834789753,0.8493870497,0.4978089333,0.3927825689,1.347729921,0.001000000047
SDG,FEDERATED CNN,5,4,4,5.517710209,0.8598949313,0.4978089333,0.3728830516,1.347729921,0.001000000047
SDG,FEDERATED CNN,5,4,5,5.308617592,0.8879159093,0.4978089333,0.3320243955,1.347729921,0.001000000047
SDG,FEDERATED CNN,5,4,6,5.82883215,0.8800350428,0.4978089333,0.3456406295,1.347729921,0.001000000047
SDG,FEDERATED CNN,5,5,1,18.02602434,0.8590192795,0.4978089333,0.3939104676,1.347729921,0.001000000047
SDG,FEDERATED CNN,5,5,2,5.704500675,0.8511383533,0.4978089333,0.4391243756,1.347729921,0.001000000047
SDG,FEDERATED CNN,5,5,3,5.789683104,0.8774080276,0.4978089333,0.3641836643,1.347729921,0.001000000047
SDG,FEDERATED CNN,5,5,4,5.670464993,0.8896672726,0.4978089333,0.3322744071,1.347729921,0.001000000047
SDG,FEDERATED CNN,5,5,5,6.293328285,0.8712784648,0.4978089333,0.3371521533,1.347729921,0.001000000047
SDG,FEDERATED CNN,5,5,6,5.822653055,0.8931698799,0.4978089333,0.3199339211,1.347729921,0.001000000047
SDG,FEDERATED QUANTUM CNN,1,1,1,21.63464236,0.2405949235,1.422077298,1.396228909,0.3111305833,0.001000000047
SDG,FEDERATED QUANTUM CNN,1,1,2,5.810002327,0.3394575715,1.422077298,1.350600958,0.3111305833,0.001000000047
SDG,FEDERATED QUANTUM CNN,1,1,3,5.757587671,0.404199481,1.422077298,1.295867682,0.3111305833,0.001000000047
SDG,FEDERATED QUANTUM CNN,1,1,4,5.8272295,0.4934383333,1.422077298,1.220182538,0.3111305833,0.001000000047
SDG,FEDERATED QUANTUM CNN,1,1,5,5.814674139,0.532808423,1.422077298,1.151206613,0.3111305833,0.001000000047
SDG,FEDERATED QUANTUM CNN,1,1,6,5.959882021,0.603674531,1.422077298,1.082910061,0.3111305833,0.001000000047
SDG,FEDERATED QUANTUM CNN,1,2,1,19.1552732,0.3604549468,1.422077298,1.336967826,0.3111305833,0.001000000047
SDG,FEDERATED QUANTUM CNN,1,2,2,5.76516819,0.4111985862,1.422077298,1.245832682,0.3111305833,0.001000000047
SDG,FEDERATED QUANTUM CNN,1,2,3,5.870300531,0.4934383333,1.422077298,1.147158861,0.3111305833,0.001000000047
SDG,FEDERATED QUANTUM CNN,1,2,4,5.819998741,0.5450568795,1.422077298,1.08564055,0.3111305833,0.001000000047
SDG,FEDERATED QUANTUM CNN,1,2,5,5.882634163,0.5984252095,1.422077298,1.025645494,0.3111305833,0.001000000047
SDG,FEDERATED QUANTUM CNN,1,2,6,5.789221048,0.6080489755,1.422077298,0.9729509354,0.3111305833,0.001000000047
SDG,FEDERATED QUANTUM CNN,1,3,1,22.1678586,0.2486865222,1.422077298,1.388046384,0.3111305833,0.001000000047
SDG,FEDERATED QUANTUM CNN,1,3,2,5.72863245,0.3274956346,1.422077298,1.353147268,0.3111305833,0.001000000047
SDG,FEDERATED QUANTUM CNN,1,3,3,5.465576887,0.4527145326,1.422077298,1.259495497,0.3111305833,0.001000000047
SDG,FEDERATED QUANTUM CNN,1,3,4,5.905281305,0.5113835335,1.422077298,1.168575525,0.3111305833,0.001000000047
SDG,FEDERATED QUANTUM CNN,1,3,5,5.611158609,0.5586690307,1.422077298,1.069196939,0.3111305833,0.001000000047
SDG,FEDERATED QUANTUM CNN,1,3,6,5.796450138,0.576182127,1.422077298,1.029058456,0.3111305833,0.001000000047
SDG,FEDERATED QUANTUM CNN,1,4,1,19.41069007,0.3266199529,1.422077298,1.357512832,0.3111305833,0.001000000047
SDG,FEDERATED QUANTUM CNN,1,4,2,6.02521944,0.4168125987,1.422077298,1.250646472,0.3111305833,0.001000000047
SDG,FEDERATED QUANTUM CNN,1,4,3,5.818943739,0.4360770583,1.422077298,1.201144934,0.3111305833,0.001000000047
SDG,FEDERATED QUANTUM CNN,1,4,4,5.686223269,0.5175131559,1.422077298,1.11101985,0.3111305833,0.001000000047
SDG,FEDERATED QUANTUM CNN,1,4,5,5.85606432,0.5805604458,1.422077298,1.052441001,0.3111305833,0.001000000047
SDG,FEDERATED QUANTUM CNN,1,4,6,6.030957937,0.6322241426,1.422077298,0.9768410325,0.3111305833,0.001000000047
SDG,FEDERATED QUANTUM CNN,1,5,1,19.41262794,0.27670753,1.422077298,1.377053499,0.3111305833,0.001000000047
SDG,FEDERATED QUANTUM CNN,1,5,2,5.787473202,0.4001751244,1.422077298,1.321944475,0.3111305833,0.001000000047
SDG,FEDERATED QUANTUM CNN,1,5,3,5.5882442,0.4868651628,1.422077298,1.247226834,0.3111305833,0.001000000047
SDG,FEDERATED QUANTUM CNN,1,5,4,6.019099474,0.5464097857,1.422077298,1.17894578,0.3111305833,0.001000000047
SDG,FEDERATED QUANTUM CNN,1,5,5,5.954687357,0.5639229417,1.422077298,1.109082103,0.3111305833,0.001000000047
SDG,FEDERATED QUANTUM CNN,1,5,6,5.716434956,0.5945709348,1.422077298,1.048623204,0.3111305833,0.001000000047
SDG,FEDERATED QUANTUM CNN,2,1,1,19.25656843,0.5993000865,1.2430439,1.031581879,0.4583698511,0.001000000047
SDG,FEDERATED QUANTUM CNN,2,1,2,5.978913784,0.610673666,1.2430439,0.9801591635,0.4583698511,0.001000000047
SDG,FEDERATED QUANTUM CNN,2,1,3,5.987246752,0.635170579,1.2430439,0.9227164388,0.4583698511,0.001000000047
SDG,FEDERATED QUANTUM CNN,2,1,4,5.890086889,0.6456692815,1.2430439,0.9001381397,0.4583698511,0.001000000047
SDG,FEDERATED QUANTUM CNN,2,1,5,5.948549271,0.6754155755,1.2430439,0.8528398275,0.4583698511,0.001000000047
SDG,FEDERATED QUANTUM CNN,2,1,6,5.96826601,0.678040266,1.2430439,0.8241716623,0.4583698511,0.001000000047
SDG,FEDERATED QUANTUM CNN,2,2,1,18.98877931,0.5774278045,1.2430439,1.033046126,0.4583698511,0.001000000047
SDG,FEDERATED QUANTUM CNN,2,2,2,5.86693716,0.6080489755,1.2430439,0.9894711971,0.4583698511,0.001000000047
SDG,FEDERATED QUANTUM CNN,2,2,3,5.89475894,0.6132983565,1.2430439,0.9636018872,0.4583698511,0.001000000047
SDG,FEDERATED QUANTUM CNN,2,2,4,5.830285072,0.64041996,1.2430439,0.9040983319,0.4583698511,0.001000000047
SDG,FEDERATED QUANTUM CNN,2,2,5,5.789823532,0.6456692815,1.2430439,0.8817763329,0.4583698511,0.001000000047
SDG,FEDERATED QUANTUM CNN,2,2,6,6.007237673,0.6754155755,1.2430439,0.8413689733,0.4583698511,0.001000000047
SDG,FEDERATED QUANTUM CNN,2,3,1,19.74235225,0.6068301201,1.2430439,1.012810588,0.4583698511,0.001000000047
SDG,FEDERATED QUANTUM CNN,2,3,2,5.717673063,0.6339755058,1.2430439,0.9642196298,0.4583698511,0.001000000047
SDG,FEDERATED QUANTUM CNN,2,3,3,5.97298789,0.6576182246,1.2430439,0.9190980792,0.4583698511,0.001000000047
SDG,FEDERATED QUANTUM CNN,2,3,4,5.666022301,0.6838878989,1.2430439,0.8645865917,0.4583698511,0.001000000047
SDG,FEDERATED QUANTUM CNN,2,3,5,5.909371376,0.6768826842,1.2430439,0.8494437933,0.4583698511,0.001000000047
SDG,FEDERATED QUANTUM CNN,2,3,6,5.754294872,0.6908931732,1.2430439,0.8028502464,0.4583698511,0.001000000047
SDG,FEDERATED QUANTUM CNN,2,4,1,20.66346359,0.6164623499,1.2430439,1.019310236,0.4583698511,0.001000000047
SDG,FEDERATED QUANTUM CNN,2,4,2,5.547234774,0.6182136536,1.2430439,0.9735565782,0.4583698511,0.001000000047
SDG,FEDERATED QUANTUM CNN,2,4,3,5.729649305,0.6462346911,1.2430439,0.9339051247,0.4583698511,0.001000000047
SDG,FEDERATED QUANTUM CNN,2,4,4,5.985724926,0.6619964838,1.2430439,0.9075806141,0.4583698511,0.001000000047
SDG,FEDERATED QUANTUM CNN,2,4,5,5.848683596,0.6725043654,1.2430439,0.8852492571,0.4583698511,0.001000000047
SDG,FEDERATED QUANTUM CNN,2,4,6,5.760834932,0.6891418695,1.2430439,0.8566661477,0.4583698511,0.001000000047
SDG,FEDERATED QUANTUM CNN,2,5,1,20.01142931,0.590192616,1.2430439,1.039359212,0.4583698511,0.001000000047
SDG,FEDERATED QUANTUM CNN,2,5,2,5.914335966,0.6182136536,1.2430439,0.9863581657,0.4583698511,0.001000000047
SDG,FEDERATED QUANTUM CNN,2,5,3,5.768286228,0.6462346911,1.2430439,0.9329717755,0.4583698511,0.001000000047
SDG,FEDERATED QUANTUM CNN,2,5,4,5.884043694,0.6786339879,1.2430439,0.8848170042,0.4583698511,0.001000000047
SDG,FEDERATED QUANTUM CNN,2,5,5,5.55889225,0.6628721356,1.2430439,0.8620625734,0.4583698511,0.001000000047
SDG,FEDERATED QUANTUM CNN,2,5,6,5.808023453,0.6768826842,1.2430439,0.8359984159,0.4583698511,0.001000000047
SDG,FEDERATED QUANTUM CNN,3,1,1,22.75300932,0.6832895875,1.294646859,0.8086033463,0.486415416,0.001000000047
SDG,FEDERATED QUANTUM CNN,3,1,2,6.409276485,0.66579175,1.294646859,0.8114504218,0.486415416,0.001000000047
SDG,FEDERATED QUANTUM CNN,3,1,3,5.857135773,0.6911635995,1.294646859,0.7659721971,0.486415416,0.001000000047
SDG,FEDERATED QUANTUM CNN,3,1,4,5.768153191,0.6990376115,1.294646859,0.774817884,0.486415416,0.001000000047
SDG,FEDERATED QUANTUM CNN,3,1,5,5.701402664,0.703412056,1.294646859,0.7291527987,0.486415416,0.001000000047
SDG,FEDERATED QUANTUM CNN,3,1,6,5.741309881,0.7051618695,1.294646859,0.7246202826,0.486415416,0.001000000047
SDG,FEDERATED QUANTUM CNN,3,2,1,19.43543506,0.6815398335,1.294646859,0.7894838452,0.486415416,0.001000000047
SDG,FEDERATED QUANTUM CNN,3,2,2,5.690791845,0.692913413,1.294646859,0.7796329856,0.486415416,0.001000000047
SDG,FEDERATED QUANTUM CNN,3,2,3,5.878444195,0.686789155,1.294646859,0.7633580565,0.486415416,0.001000000047
SDG,FEDERATED QUANTUM CNN,3,2,4,5.795809746,0.6972878575,1.294646859,0.751536727,0.486415416,0.001000000047
SDG,FEDERATED QUANTUM CNN,3,2,5,5.650041103,0.696412921,1.294646859,0.7354895473,0.486415416,0.001000000047
SDG,FEDERATED QUANTUM CNN,3,2,6,5.766597748,0.687664032,1.294646859,0.7295436859,0.486415416,0.001000000047
SDG,FEDERATED QUANTUM CNN,3,3,1,20.16780066,0.7101576328,1.294646859,0.7724384665,0.486415416,0.001000000047
SDG,FEDERATED QUANTUM CNN,3,3,2,5.470394135,0.6987740993,1.294646859,0.7710937262,0.486415416,0.001000000047
SDG,FEDERATED QUANTUM CNN,3,3,3,5.627093315,0.7136602402,1.294646859,0.7472314835,0.486415416,0.001000000047
SDG,FEDERATED QUANTUM CNN,3,3,4,5.772473574,0.7346760035,1.294646859,0.7214058042,0.486415416,0.001000000047
SDG,FEDERATED QUANTUM CNN,3,3,5,5.831391335,0.7355516553,1.294646859,0.7012789249,0.486415416,0.001000000047
SDG,FEDERATED QUANTUM CNN,3,3,6,5.465333462,0.7460595369,1.294646859,0.6816436052,0.486415416,0.001000000047
SDG,FEDERATED QUANTUM CNN,3,4,1,19.90519238,0.7031523585,1.294646859,0.7927219868,0.486415416,0.001000000047
SDG,FEDERATED QUANTUM CNN,3,4,2,5.803628206,0.6926444769,1.294646859,0.8080926538,0.486415416,0.001000000047
SDG,FEDERATED QUANTUM CNN,3,4,3,5.720627308,0.7110332847,1.294646859,0.7574333549,0.486415416,0.001000000047
SDG,FEDERATED QUANTUM CNN,3,4,4,5.612927914,0.7162871957,1.294646859,0.7369493246,0.486415416,0.001000000047
SDG,FEDERATED QUANTUM CNN,3,4,5,5.535443544,0.7276707292,1.294646859,0.7041313052,0.486415416,0.001000000047
SDG,FEDERATED QUANTUM CNN,3,4,6,5.733099699,0.7259194255,1.294646859,0.6847929955,0.486415416,0.001000000047
SDG,FEDERATED QUANTUM CNN,3,5,1,19.62221789,0.6856392026,1.294646859,0.8155828118,0.486415416,0.001000000047
SDG,FEDERATED QUANTUM CNN,3,5,2,5.561293602,0.6882662177,1.294646859,0.8031814098,0.486415416,0.001000000047
SDG,FEDERATED QUANTUM CNN,3,5,3,5.747608662,0.7066549659,1.294646859,0.7617939711,0.486415416,0.001000000047
SDG,FEDERATED QUANTUM CNN,3,5,4,5.80924511,0.6908931732,1.294646859,0.7665474415,0.486415416,0.001000000047
SDG,FEDERATED QUANTUM CNN,3,5,5,5.649965525,0.7162871957,1.294646859,0.7383580804,0.486415416,0.001000000047
SDG,FEDERATED QUANTUM CNN,3,5,6,5.747012854,0.6961470842,1.294646859,0.7338812351,0.486415416,0.001000000047
SDG,FEDERATED QUANTUM CNN,4,1,1,19.58181834,0.7147856355,1.38906455,0.7030994296,0.4723926485,0.001000000047
SDG,FEDERATED QUANTUM CNN,4,1,2,6.175769567,0.7121610045,1.38906455,0.6997892857,0.4723926485,0.001000000047
SDG,FEDERATED QUANTUM CNN,4,1,3,5.816309452,0.7139107585,1.38906455,0.7064652443,0.4723926485,0.001000000047
SDG,FEDERATED QUANTUM CNN,4,1,4,5.559188128,0.725284338,1.38906455,0.6764080524,0.4723926485,0.001000000047
SDG,FEDERATED QUANTUM CNN,4,1,5,5.997126818,0.7217847705,1.38906455,0.6481262445,0.4723926485,0.001000000047
SDG,FEDERATED QUANTUM CNN,4,1,6,5.622459173,0.711286068,1.38906455,0.6724589467,0.4723926485,0.001000000047
SDG,FEDERATED QUANTUM CNN,4,2,1,19.69591379,0.718285203,1.38906455,0.6924311519,0.4723926485,0.001000000047
SDG,FEDERATED QUANTUM CNN,4,2,2,5.686506271,0.708661437,1.38906455,0.6946277618,0.4723926485,0.001000000047
SDG,FEDERATED QUANTUM CNN,4,2,3,5.873968124,0.6850393414,1.38906455,0.7221541405,0.4723926485,0.001000000047
SDG,FEDERATED QUANTUM CNN,4,2,4,5.717124462,0.708661437,1.38906455,0.6902948022,0.4723926485,0.0005000000237
SDG,FEDERATED QUANTUM CNN,4,2,5,5.771054506,0.7226596475,1.38906455,0.6563435197,0.4723926485,0.0005000000237
SDG,FEDERATED QUANTUM CNN,4,2,6,5.833537579,0.7226596475,1.38906455,0.6560055017,0.4723926485,0.0005000000237
SDG,FEDERATED QUANTUM CNN,4,3,1,19.64418364,0.7416812778,1.38906455,0.6610633135,0.4723926485,0.001000000047
SDG,FEDERATED QUANTUM CNN,4,3,2,6.126900911,0.7259194255,1.38906455,0.6843028069,0.4723926485,0.001000000047
SDG,FEDERATED QUANTUM CNN,4,3,3,5.993810892,0.7329246998,1.38906455,0.6553525329,0.4723926485,0.001000000047
SDG,FEDERATED QUANTUM CNN,4,3,4,5.864687204,0.7311733961,1.38906455,0.6781105995,0.4723926485,0.001000000047
SDG,FEDERATED QUANTUM CNN,4,3,5,5.823122978,0.7399299741,1.38906455,0.6440486908,0.4723926485,0.001000000047
SDG,FEDERATED QUANTUM CNN,4,3,6,5.822078943,0.7469351888,1.38906455,0.6247510314,0.4723926485,0.001000000047
SDG,FEDERATED QUANTUM CNN,4,4,1,19.90292954,0.7302977443,1.38906455,0.6881181002,0.4723926485,0.001000000047
SDG,FEDERATED QUANTUM CNN,4,4,2,5.833450556,0.7259194255,1.38906455,0.6887466908,0.4723926485,0.001000000047
SDG,FEDERATED QUANTUM CNN,4,4,3,5.644786358,0.7276707292,1.38906455,0.6697416306,0.4723926485,0.001000000047
SDG,FEDERATED QUANTUM CNN,4,4,4,5.959903717,0.7215411663,1.38906455,0.6708087325,0.4723926485,0.001000000047
SDG,FEDERATED QUANTUM CNN,4,4,5,5.879965305,0.7101576328,1.38906455,0.7288137078,0.4723926485,0.001000000047
SDG,FEDERATED QUANTUM CNN,4,4,6,5.71474719,0.7224168181,1.38906455,0.6722630858,0.4723926485,0.0005000000237
SDG,FEDERATED QUANTUM CNN,4,5,1,20.03623438,0.7119089365,1.38906455,0.7173182368,0.4723926485,0.001000000047
SDG,FEDERATED QUANTUM CNN,4,5,2,5.684417963,0.7066549659,1.38906455,0.7003641725,0.4723926485,0.001000000047
SDG,FEDERATED QUANTUM CNN,4,5,3,5.883587599,0.7110332847,1.38906455,0.7119190097,0.4723926485,0.001000000047
SDG,FEDERATED QUANTUM CNN,4,5,4,5.757727146,0.7206655145,1.38906455,0.6952812076,0.4723926485,0.001000000047
SDG,FEDERATED QUANTUM CNN,4,5,5,5.665063143,0.7136602402,1.38906455,0.6722704172,0.4723926485,0.001000000047
SDG,FEDERATED QUANTUM CNN,4,5,6,5.984163761,0.7110332847,1.38906455,0.6991326213,0.4723926485,0.001000000047
SDG,FEDERATED QUANTUM CNN,5,1,1,19.48349047,0.7200350165,1.385748982,0.6859640479,0.482909739,0.001000000047
SDG,FEDERATED QUANTUM CNN,5,1,2,5.978880644,0.7270340919,1.385748982,0.6535640359,0.482909739,0.001000000047
SDG,FEDERATED QUANTUM CNN,5,1,3,5.76447463,0.7156605721,1.385748982,0.6640982032,0.482909739,0.001000000047
SDG,FEDERATED QUANTUM CNN,5,1,4,5.555319071,0.723534584,1.385748982,0.6703147292,0.482909739,0.001000000047
SDG,FEDERATED QUANTUM CNN,5,1,5,5.957885265,0.7436570525,1.385748982,0.6284837127,0.482909739,0.0005000000237
SDG,FEDERATED QUANTUM CNN,5,1,6,6.039833307,0.749781251,1.385748982,0.6004021168,0.482909739,0.0005000000237
SDG,FEDERATED QUANTUM CNN,5,2,1,19.78919125,0.709536314,1.385748982,0.6662296653,0.482909739,0.001000000047
SDG,FEDERATED QUANTUM CNN,5,2,2,5.602025986,0.709536314,1.385748982,0.6868568659,0.482909739,0.001000000047
SDG,FEDERATED QUANTUM CNN,5,2,3,5.817764044,0.6972878575,1.385748982,0.6967706084,0.482909739,0.001000000047
SDG,FEDERATED QUANTUM CNN,5,2,4,5.870651722,0.7147856355,1.385748982,0.6332466602,0.482909739,0.0005000000237
SDG,FEDERATED QUANTUM CNN,5,2,5,5.75099349,0.7121610045,1.385748982,0.6473109126,0.482909739,0.0005000000237
SDG,FEDERATED QUANTUM CNN,5,2,6,5.922469854,0.73315835,1.385748982,0.6039455533,0.482909739,0.0005000000237
SDG,FEDERATED QUANTUM CNN,5,3,1,19.52301669,0.7618213892,1.385748982,0.6057910919,0.482909739,0.001000000047
SDG,FEDERATED QUANTUM CNN,5,3,2,5.658784628,0.7364273071,1.385748982,0.6349229217,0.482909739,0.001000000047
SDG,FEDERATED QUANTUM CNN,5,3,3,5.801612377,0.737302959,1.385748982,0.6466326118,0.482909739,0.001000000047
SDG,FEDERATED QUANTUM CNN,5,3,4,5.75610137,0.7574430704,1.385748982,0.5959416032,0.482909739,0.0005000000237
SDG,FEDERATED QUANTUM CNN,5,3,5,5.857976913,0.7478108406,1.385748982,0.6030073762,0.482909739,0.0005000000237
SDG,FEDERATED QUANTUM CNN,5,3,6,5.877771854,0.7539404631,1.385748982,0.5883460045,0.482909739,0.0005000000237
SDG,FEDERATED QUANTUM CNN,5,4,1,19.58129501,0.7408056259,1.385748982,0.6356561184,0.482909739,0.001000000047
SDG,FEDERATED QUANTUM CNN,5,4,2,5.783419847,0.7302977443,1.385748982,0.6617486477,0.482909739,0.001000000047
SDG,FEDERATED QUANTUM CNN,5,4,3,5.907812834,0.7443082333,1.385748982,0.6305801272,0.482909739,0.001000000047
SDG,FEDERATED QUANTUM CNN,5,4,4,5.654482126,0.7513135076,1.385748982,0.6401174664,0.482909739,0.001000000047
SDG,FEDERATED QUANTUM CNN,5,4,5,5.646260738,0.7381786108,1.385748982,0.6317888498,0.482909739,0.001000000047
SDG,FEDERATED QUANTUM CNN,5,4,6,5.618958712,0.7565674186,1.385748982,0.6131305099,0.482909739,0.0005000000237
SDG,FEDERATED QUANTUM CNN,5,5,1,19.7196312,0.7329246998,1.385748982,0.650254488,0.482909739,0.001000000047
SDG,FEDERATED QUANTUM CNN,5,5,2,5.560728312,0.7180384994,1.385748982,0.6987131834,0.482909739,0.001000000047
SDG,FEDERATED QUANTUM CNN,5,5,3,5.999577522,0.7259194255,1.385748982,0.6612415314,0.482909739,0.001000000047
SDG,FEDERATED QUANTUM CNN,5,5,4,6.027692795,0.686514914,1.385748982,0.7275770307,0.482909739,0.0005000000237
SDG,MLCNN,1,,1,20.7253592,0.6367,0.2633,1.0613,3.2631,0.001000000047
SDG,MLCNN,1,,2,4.786816597,0.7551,0.4191,0.6801,3.1132,0.001000000047
SDG,MLCNN,1,,3,4.843826532,0.8037,0.8233,0.5318,0.4133,0.001000000047
SDG,MLCNN,1,,4,4.680082083,0.8264,0.8224,0.4597,0.5406,0.001000000047
SDG,MLCNN,1,,5,4.619832754,0.8619,0.8609,0.3702,0.3645,0.001000000047
SDG,MLCNN,1,,6,4.652776957,0.8763,0.8941,0.3444,0.2922,0.001000000047
SDG,MLCNN,1,,7,4.529916763,0.8888,0.8801,0.3177,0.2937,0.001000000047
SDG,MLCNN,1,,8,4.308915377,0.9054,0.9038,0.2627,0.3026,0.001000000047
SDG,MLCNN,1,,9,4.363911152,0.9186,0.9248,0.2273,0.2132,0.001000000047
SDG,MLCNN,1,,10,4.324696541,0.9247,0.8548,0.2215,0.4353,0.001000000047
SDG,MLCNN,1,,11,4.382309437,0.937,0.7787,0.1804,0.6716,0.001000000047
SDG,MLCNN,1,,12,4.405020475,0.9378,0.9125,0.1748,0.2373,0.001000000047
SDG,MLCNN,1,,13,4.349480152,0.93,0.9458,0.1963,0.1634,0.001000000047
SDG,MLCNN,1,,14,4.362297535,0.9339,0.8434,0.1799,0.5582,0.001000000047
SDG,MLCNN,1,,15,4.254116058,0.9525,0.9554,0.1409,0.1236,0.001000000047
SDG,MLCNN,1,,16,4.29550457,0.9525,0.9598,0.1314,0.1154,0.001000000047
SDG,MLCNN,1,,17,4.384442568,0.9604,0.8513,0.1144,0.7233,0.001000000047
SDG,MLCNN,1,,18,4.444185972,0.9652,0.9396,0.1025,0.2049,0.001000000047
SDG,MLCNN,1,,19,4.299657106,0.9626,0.7524,0.1215,1.1658,0.001000000047
SDG,MLCNN,1,,20,4.322513103,0.9558,0.958,0.1277,0.1205,0.001000000047
SDG,MLCNN,1,,21,4.28296876,0.9687,0.9204,0.0942,0.2448,0.001000000047
SDG,MLCNN,1,,22,4.265577555,0.9575,0.9405,0.1184,0.2302,0.001000000047
SDG,MLCNN,1,,23,4.281297207,0.9582,0.9563,0.1226,0.136,0.001000000047
SDG,MLCNN,1,,24,4.304725885,0.9724,0.9335,0.0789,0.2144,0.001000000047
SDG,MLCNN,1,,25,4.31547761,0.9689,0.9545,0.0865,0.1615,0.001000000047
SDG,MLCNN,1,,26,4.413402557,0.9761,0.9554,0.0703,0.1235,0.001000000047
SDG,MLCNN,1,,27,4.309060335,0.9753,0.8609,0.07,0.5012,0.001000000047
SDG,MLCNN,1,,28,4.437928438,0.9746,0.9615,0.0791,0.1327,0.001000000047
SDG,MLCNN,1,,29,4.331961393,0.9783,0.9519,0.0595,0.1595,0.001000000047
SDG,MLCNN,1,,30,4.444313049,0.9772,0.9606,0.0605,0.1439,0.001000000047
SDG,MLCNN,2,,1,19.26446629,0.6538,0.3535,1.0116,3.7298,0.001000000047
SDG,MLCNN,2,,2,4.477514029,0.768,0.7122,0.6237,0.9685,0.001000000047
SDG,MLCNN,2,,3,4.518337488,0.8028,0.7927,0.5352,0.505,0.001000000047
SDG,MLCNN,2,,4,4.401210785,0.8326,0.8504,0.4476,0.4466,0.001000000047
SDG,MLCNN,2,,5,4.52214551,0.8566,0.8871,0.3926,0.3304,0.001000000047
SDG,MLCNN,2,,6,4.522751331,0.8842,0.8154,0.3103,0.5712,0.001000000047
SDG,MLCNN,2,,7,4.442447662,0.8925,0.7865,0.3021,0.7461,0.001000000047
SDG,MLCNN,2,,8,4.55776763,0.9098,0.8933,0.2444,0.2999,0.001000000047
SDG,MLCNN,2,,9,4.488226414,0.9177,0.8723,0.2217,0.3374,0.001000000047
SDG,MLCNN,2,,10,4.337560177,0.9243,0.9361,0.1951,0.2021,0.001000000047
SDG,MLCNN,2,,11,4.386732578,0.9354,0.8941,0.184,0.3104,0.001000000047
SDG,MLCNN,2,,12,4.459511042,0.9265,0.9326,0.1998,0.2046,0.001000000047
SDG,MLCNN,2,,13,4.412060738,0.9392,0.9405,0.1757,0.1929,0.001000000047
SDG,MLCNN,2,,14,4.319318771,0.9473,0.93,0.1522,0.2387,0.001000000047
SDG,MLCNN,2,,15,4.498898268,0.9514,0.9283,0.1309,0.2414,0.001000000047
SDG,MLCNN,2,,16,4.451300144,0.9521,0.9475,0.1515,0.1661,0.001000000047
SDG,MLCNN,2,,17,4.326732635,0.954,0.9283,0.128,0.2117,0.001000000047
SDG,MLCNN,2,,18,4.323229074,0.9589,0.9108,0.1184,0.279,0.001000000047
SDG,MLCNN,2,,19,4.264570713,0.9617,0.9405,0.107,0.2045,0.001000000047
SDG,MLCNN,2,,20,4.308595896,0.9652,0.9414,0.0985,0.1898,0.001000000047
SDG,MLCNN,2,,21,4.355365992,0.9593,0.9344,0.1219,0.213,0.001000000047
SDG,MLCNN,2,,22,4.314432383,0.9654,0.9431,0.1045,0.1795,0.001000000047
SDG,MLCNN,2,,23,4.195882082,0.9735,0.9431,0.0764,0.2091,0.001000000047
SDG,MLCNN,2,,24,4.096861601,0.9753,0.9466,0.0746,0.1938,0.001000000047
SDG,MLCNN,2,,25,4.307730675,0.9667,0.9213,0.0998,0.2654,0.001000000047
SDG,MLCNN,2,,26,4.31683588,0.9637,0.951,0.1072,0.1781,0.001000000047
SDG,MLCNN,2,,27,4.337589025,0.9724,0.9501,0.0821,0.1766,0.001000000047
SDG,MLCNN,2,,28,4.270568371,0.9779,0.9615,0.0658,0.159,0.001000000047
SDG,MLCNN,2,,29,4.277788639,0.984,0.9598,0.053,0.1513,0.001000000047
SDG,MLCNN,2,,30,4.250044823,0.9829,0.9545,0.0505,0.1892,0.001000000047
SDG,MLCNN,3,,1,18.69998646,0.6558,0.2609,0.9791,3.3739,0.001000000047
SDG,MLCNN,3,,2,5.637233496,0.77,0.7776,0.6411,0.7157,0.001000000047
SDG,MLCNN,3,,3,4.70549345,0.8057,0.817,0.5464,0.5772,0.001000000047
SDG,MLCNN,3,,4,4.593503952,0.8495,0.8004,0.4184,0.6696,0.001000000047
SDG,MLCNN,3,,5,4.571827888,0.8748,0.8958,0.3611,0.2849,0.001000000047
SDG,MLCNN,3,,6,4.482567787,0.8834,0.9256,0.3361,0.2125,0.001000000047
SDG,MLCNN,3,,7,4.430365324,0.9063,0.8739,0.279,0.3562,0.001000000047
SDG,MLCNN,3,,8,4.365253448,0.9193,0.9264,0.2268,0.2086,0.001000000047
SDG,MLCNN,3,,9,4.402408361,0.9269,0.9159,0.211,0.2473,0.001000000047
SDG,MLCNN,3,,10,4.369292974,0.928,0.8984,0.201,0.2764,0.001000000047
SDG,MLCNN,3,,11,4.358360529,0.9383,0.9273,0.1782,0.2476,0.001000000047
SDG,MLCNN,3,,12,4.169253826,0.9396,0.9361,0.1745,0.205,0.001000000047
SDG,MLCNN,3,,13,4.344961643,0.9455,0.9142,0.1506,0.2924,0.001000000047
SDG,MLCNN,3,,14,4.385253191,0.9545,0.9623,0.1324,0.145,0.001000000047
SDG,MLCNN,3,,15,4.456273794,0.9602,0.9422,0.1196,0.2032,0.001000000047
SDG,MLCNN,3,,16,4.42956233,0.9468,0.9396,0.1523,0.1687,0.001000000047
SDG,MLCNN,3,,17,4.576295376,0.963,0.9466,0.1114,0.1794,0.001000000047
SDG,MLCNN,3,,18,4.515500784,0.963,0.9606,0.1018,0.1433,0.001000000047
SDG,MLCNN,3,,19,4.467437983,0.9635,0.9685,0.1097,0.1259,0.001000000047
SDG,MLCNN,3,,20,4.666535616,0.9606,0.9518,0.1175,0.157,0.001000000047
SDG,MLCNN,3,,21,4.538275719,0.9722,0.9457,0.087,0.1795,0.001000000047
SDG,MLCNN,3,,22,4.543612719,0.9672,0.9413,0.1014,0.2034,0.001000000047
SDG,MLCNN,3,,23,4.324776173,0.9775,0.9387,0.0753,0.2022,0.001000000047
SDG,MLCNN,3,,24,4.238485813,0.965,0.9475,0.0965,0.1766,0.001000000047
SDG,MLCNN,3,,25,4.190724611,0.9748,0.9352,0.0761,0.2435,0.001000000047
SDG,MLCNN,3,,26,4.281740904,0.9685,0.9606,0.0932,0.1489,0.001000000047
SDG,MLCNN,3,,27,4.256286383,0.9744,0.9475,0.0795,0.1805,0.001000000047
SDG,MLCNN,3,,28,4.244943142,0.9772,0.9632,0.0744,0.1727,0.001000000047
SDG,MLCNN,3,,29,4.423008919,0.9847,0.9212,0.0465,0.3201,0.001000000047
SDG,MLCNN,3,,30,4.368358374,0.9685,0.9641,0.0921,0.1239,0.001000000047
SDG,MLCNN,4,,1,18.38883877,0.6348,0.2461,1.0564,3.7048,0.001000000047
SDG,MLCNN,4,,2,4.717726231,0.7492,0.5981,0.6955,1.3485,0.001000000047
SDG,MLCNN,4,,3,4.617129803,0.7923,0.8485,0.5548,0.3949,0.001000000047
SDG,MLCNN,4,,4,4.326037884,0.8282,0.7566,0.4623,0.6498,0.001000000047
SDG,MLCNN,4,,5,4.346879482,0.8617,0.852,0.3858,0.3981,0.001000000047
SDG,MLCNN,4,,6,4.25199151,0.8834,0.9028,0.3363,0.2903,0.001000000047
SDG,MLCNN,4,,7,4.269401073,0.888,0.9457,0.2985,0.1597,0.001000000047
SDG,MLCNN,4,,8,4.279613256,0.8996,0.9229,0.266,0.2174,0.001000000047
SDG,MLCNN,4,,9,4.351701498,0.9105,0.9361,0.2531,0.1791,0.001000000047
SDG,MLCNN,4,,10,4.431397438,0.9278,0.8433,0.2022,0.5197,0.001000000047
SDG,MLCNN,4,,11,4.391138792,0.9114,0.9396,0.2413,0.2062,0.001000000047
SDG,MLCNN,4,,12,4.2900002,0.9341,0.9081,0.1752,0.2666,0.001000000047
SDG,MLCNN,4,,13,4.208364248,0.9379,0.9413,0.1753,0.1669,0.001000000047
SDG,MLCNN,4,,14,4.302887678,0.9462,0.9396,0.157,0.1967,0.001000000047
SDG,MLCNN,4,,15,4.280777693,0.9499,0.9588,0.1371,0.1313,0.001000000047
SDG,MLCNN,4,,16,4.318255186,0.9536,0.9562,0.1366,0.1309,0.001000000047
SDG,MLCNN,4,,17,4.268442869,0.9462,0.9475,0.1446,0.1751,0.001000000047
SDG,MLCNN,4,,18,4.340344429,0.9648,0.9536,0.1104,0.148,0.001000000047
SDG,MLCNN,4,,19,4.302119493,0.9611,0.9431,0.1057,0.1934,0.001000000047
SDG,MLCNN,4,,20,4.366285324,0.9495,0.9212,0.1504,0.2161,0.001000000047
SDG,MLCNN,4,,21,4.318147182,0.9527,0.9606,0.1349,0.1457,0.001000000047
SDG,MLCNN,4,,22,4.274546862,0.9597,0.8958,0.1137,0.3278,0.001000000047
SDG,MLCNN,4,,23,4.319219828,0.9742,0.9431,0.0793,0.1718,0.001000000047
SDG,MLCNN,4,,24,4.342423916,0.9702,0.9553,0.0902,0.1614,0.001000000047
SDG,MLCNN,4,,25,4.46249485,0.9746,0.972,0.0744,0.1127,0.001000000047
SDG,MLCNN,4,,26,4.425847292,0.9761,0.9571,0.0718,0.1718,0.001000000047
SDG,MLCNN,4,,27,4.358513594,0.9718,0.873,0.0774,0.4615,0.001000000047
SDG,MLCNN,4,,28,4.310031891,0.9656,0.9536,0.1016,0.1696,0.001000000047
SDG,MLCNN,4,,29,4.474991798,0.9722,0.9562,0.0826,0.188,0.001000000047
SDG,MLCNN,4,,30,4.422351837,0.9796,0.9641,0.0537,0.1243,0.001000000047
SDG,MLCNN,5,,1,19.83496952,0.6473,0.2636,1.0199,6.1597,0.001000000047
SDG,MLCNN,5,,2,4.995205879,0.7532,0.7294,0.6854,0.7045,0.001000000047
SDG,MLCNN,5,,3,4.512477398,0.8007,0.8415,0.5306,0.4923,0.001000000047
SDG,MLCNN,5,,4,4.377185345,0.8438,0.8406,0.4494,0.5081,0.001000000047
SDG,MLCNN,5,,5,4.76360774,0.8698,0.8967,0.3631,0.3199,0.001000000047
SDG,MLCNN,5,,6,4.366089106,0.8849,0.8827,0.3288,0.3585,0.001000000047
SDG,MLCNN,5,,7,4.414561272,0.8998,0.8765,0.2736,0.3777,0.001000000047
SDG,MLCNN,5,,8,4.36933589,0.9171,0.8879,0.2432,0.4344,0.001000000047
SDG,MLCNN,5,,9,4.434524059,0.916,0.9264,0.2263,0.1821,0.001000000047
SDG,MLCNN,5,,10,4.433756828,0.9295,0.8757,0.2033,0.3742,0.001000000047
SDG,MLCNN,5,,11,4.356094837,0.9374,0.9282,0.1761,0.2278,0.001000000047
SDG,MLCNN,5,,12,4.353303909,0.9348,0.9466,0.1907,0.1489,0.001000000047
SDG,MLCNN,5,,13,4.468899727,0.946,0.9291,0.1594,0.2113,0.001000000047
SDG,MLCNN,5,,14,4.524099588,0.9486,0.9326,0.1496,0.2141,0.001000000047
SDG,MLCNN,5,,15,4.417613506,0.9591,0.9431,0.1297,0.2103,0.001000000047
SDG,MLCNN,5,,16,4.322914124,0.9554,0.9089,0.1324,0.2953,0.001000000047
SDG,MLCNN,5,,17,4.294591904,0.9573,0.9326,0.1265,0.1919,0.001000000047
SDG,MLCNN,5,,18,4.26121068,0.9354,0.9571,0.1878,0.1184,0.001000000047
SDG,MLCNN,5,,19,4.341876268,0.9621,0.9623,0.1076,0.1231,0.001000000047
SDG,MLCNN,5,,20,4.279438734,0.9672,0.965,0.0945,0.1261,0.001000000047
SDG,MLCNN,5,,21,4.336485147,0.9718,0.9606,0.0879,0.1227,0.001000000047
SDG,MLCNN,5,,22,4.246195078,0.9713,0.6909,0.0862,1.1131,0.001000000047
SDG,MLCNN,5,,23,4.461738348,0.9687,0.9588,0.0948,0.1272,0.001000000047
SDG,MLCNN,5,,24,4.378359795,0.9731,0.965,0.0831,0.1229,0.001000000047
SDG,MLCNN,5,,25,4.38050127,0.977,0.965,0.0641,0.1241,0.001000000047
SDG,MLCNN,5,,26,4.318292379,0.9803,0.9623,0.0612,0.1338,0.001000000047
SDG,MLCNN,5,,27,4.455270767,0.9766,0.9448,0.0747,0.2307,0.001000000047
SDG,MLCNN,5,,28,4.398925781,0.9799,0.9606,0.0638,0.1381,0.001000000047
SDG,MLCNN,5,,29,4.874184608,0.9764,0.9694,0.0762,0.1087,0.001000000047
SDG,MLCNN,5,,30,4.455817938,0.9799,0.9694,0.0587,0.1041,0.001000000047
SDG,QUANTUM CNN,1,,1,32.20583916,0.3738235831,0.4033245742,1.314979315,1.511330605,0.001000000047
SDG,QUANTUM CNN,1,,2,4.213027954,0.587218225,0.601924777,1.135233998,1.218135715,0.001000000047
SDG,QUANTUM CNN,1,,3,2.170943737,0.6802363992,0.80052495,0.9824912548,0.8490080237,0.001000000047
SDG,QUANTUM CNN,1,,4,4.214010477,0.722258687,0.793525815,0.8694435358,0.8032349944,0.001000000047
SDG,QUANTUM CNN,1,,5,4.317801714,0.7430509925,0.794400692,0.7922701836,0.7159332037,0.001000000047
SDG,QUANTUM CNN,1,,6,4.397746563,0.7631866932,0.810148716,0.7211146951,0.6699454188,0.001000000047
SDG,QUANTUM CNN,1,,7,4.334635496,0.7901072502,0.817147851,0.6604090333,0.6298461556,0.001000000047
SDG,QUANTUM CNN,1,,8,4.244489908,0.7763186693,0.785651803,0.6637129188,0.6484687328,0.001000000047
SDG,QUANTUM CNN,1,,9,4.143465519,0.7920770645,0.8110235929,0.6151362658,0.6011990905,0.001000000047
SDG,QUANTUM CNN,1,,10,4.205268145,0.7953600287,0.802274704,0.5985361934,0.5559251904,0.001000000047
SDG,QUANTUM CNN,1,,11,2.495702982,0.8014882803,0.846894145,0.5818016529,0.5157109499,0.001000000047
SDG,QUANTUM CNN,1,,12,4.266652346,0.8089297414,0.8573928475,0.5678572655,0.4770052433,0.001000000047
SDG,QUANTUM CNN,1,,13,4.15581584,0.8187787533,0.854768157,0.5293469429,0.4824626148,0.001000000047
SDG,QUANTUM CNN,1,,14,4.28045392,0.8303786516,0.832020998,0.5190377235,0.5115632415,0.001000000047
SDG,QUANTUM CNN,1,,15,4.225188732,0.8279711008,0.824146986,0.5206961632,0.5569134355,0.001000000047
SDG,QUANTUM CNN,1,,16,4.219794512,0.8340993524,0.839020133,0.5038431287,0.4907714725,0.001000000047
SDG,QUANTUM CNN,1,,17,4.190547228,0.8349748254,0.861767292,0.4983878434,0.4338862598,0.001000000047
SDG,QUANTUM CNN,1,,18,4.150029659,0.8367257714,0.848643899,0.4939805865,0.4721195996,0.001000000047
SDG,QUANTUM CNN,1,,19,1.316689968,0.8400087357,0.792650938,0.4854013622,0.5832494497,0.001000000047
SDG,QUANTUM CNN,1,,20,4.260867357,0.8483256698,0.8293963075,0.4653494656,0.5193570852,0.001000000047
SDG,QUANTUM CNN,1,,21,4.216369152,0.8452615738,0.863517046,0.4659124315,0.4126349092,0.001000000047
SDG,QUANTUM CNN,1,,22,4.335975409,0.8411030769,0.8442694545,0.472989291,0.4372340739,0.001000000047
SDG,QUANTUM CNN,1,,23,4.285842419,0.8546727896,0.8748906255,0.4426490664,0.4025093615,0.001000000047
SDG,QUANTUM CNN,1,,24,4.286463976,0.8678047657,0.89326334,0.4126896858,0.3486726582,0.001000000047
SDG,QUANTUM CNN,1,,25,4.250086784,0.8625519872,0.877515316,0.4116614163,0.3721478879,0.001000000047
SDG,QUANTUM CNN,1,,26,4.328480005,0.872838676,0.8827646375,0.4044425786,0.3821295202,0.001000000047
SDG,QUANTUM CNN,1,,27,2.796640158,0.871963203,0.884514451,0.4052286148,0.3830640912,0.001000000047
SDG,QUANTUM CNN,1,,28,4.351493835,0.8780915141,0.8880140185,0.3937037587,0.3386202157,0.001000000047
SDG,QUANTUM CNN,1,,29,4.116629839,0.8647406697,0.868766427,0.4124940932,0.4017055333,0.001000000047
SDG,QUANTUM CNN,1,,30,4.7353127,0.8783103228,0.8818897605,0.3879138827,0.3805128634,0.001000000047
SDG,QUANTUM CNN,2,,1,19.48575974,0.3751367927,0.25284338,1.312888741,1.873296738,0.001000000047
SDG,QUANTUM CNN,2,,2,4.36942935,0.5276865959,0.5931758285,1.141144753,1.122944832,0.001000000047
SDG,QUANTUM CNN,2,,3,4.198950768,0.5913766623,0.596675396,1.028259754,1.095422864,0.001000000047
SDG,QUANTUM CNN,2,,4,4.330448627,0.6430290937,0.7130358815,0.9268684387,0.7800557017,0.001000000047
SDG,QUANTUM CNN,2,,5,4.164694309,0.6907419562,0.7147856355,0.8152188659,0.740899682,0.001000000047
SDG,QUANTUM CNN,2,,6,2.295686007,0.7318888307,0.763779521,0.721820116,0.6922670603,0.001000000047
SDG,QUANTUM CNN,2,,7,4.151797771,0.7644999027,0.7226596475,0.67767483,0.7605547309,0.001000000047
SDG,QUANTUM CNN,2,,8,4.345449686,0.7885751724,0.8048993945,0.6239424944,0.6239461899,0.001000000047
SDG,QUANTUM CNN,2,,9,4.239120483,0.8010505438,0.779527545,0.5885450244,0.6483371854,0.001000000047
SDG,QUANTUM CNN,2,,10,4.284015656,0.8049901724,0.787401557,0.5767011046,0.6207992435,0.001000000047
SDG,QUANTUM CNN,2,,11,4.193932056,0.8098052144,0.832020998,0.5548548698,0.5226340294,0.001000000047
SDG,QUANTUM CNN,2,,12,4.443519354,0.8014882803,0.839020133,0.5653631091,0.503816545,0.001000000047
SDG,QUANTUM CNN,2,,13,4.200331688,0.8135259151,0.848643899,0.5466589332,0.4976702034,0.001000000047
SDG,QUANTUM CNN,2,,14,4.290081978,0.8338804841,0.8372703195,0.5071426034,0.531637013,0.001000000047
SDG,QUANTUM CNN,2,,15,4.192402601,0.8308163881,0.8145231605,0.4958438873,0.5147969127,0.001000000047
SDG,QUANTUM CNN,2,,16,4.291248798,0.8314729929,0.8582677245,0.4938848913,0.465639621,0.001000000047
SDG,QUANTUM CNN,2,,17,4.047301769,0.8351936936,0.856517911,0.4965753555,0.4677452445,0.001000000047
SDG,QUANTUM CNN,2,,18,4.186614037,0.8470124602,0.8451443315,0.467607677,0.4941786528,0.001000000047
SDG,QUANTUM CNN,2,,19,4.075068474,0.846793592,0.8206474185,0.4648590386,0.5123206377,0.001000000047
SDG,QUANTUM CNN,2,,20,4.250454426,0.8502954841,0.8346456885,0.4407347441,0.4646232128,0.001000000047
SDG,QUANTUM CNN,2,,21,4.104229212,0.8623331189,0.8573928475,0.4328149855,0.4449879825,0.001000000047
SDG,QUANTUM CNN,2,,22,4.127067566,0.8555482626,0.85389328,0.4258565009,0.4694771767,0.001000000047
SDG,QUANTUM CNN,2,,23,4.062490463,0.8579558134,0.8652668595,0.4340288043,0.4271861613,0.001000000047
SDG,QUANTUM CNN,2,,24,4.22760582,0.8724009395,0.8678914905,0.4051452875,0.4348012209,0.001000000047
SDG,QUANTUM CNN,2,,25,4.21871233,0.8693368435,0.8722659945,0.4091360867,0.4178734422,0.001000000047
SDG,QUANTUM CNN,2,,26,4.203370094,0.8769971728,0.8748906255,0.3874614239,0.4241111279,0.001000000047
SDG,QUANTUM CNN,2,,27,3.666062355,0.8710877895,0.8670166135,0.4013559222,0.417401135,0.001000000047
SDG,QUANTUM CNN,2,,28,3.579884529,0.8815933466,0.863517046,0.3774132431,0.4444170296,0.001000000047
SDG,QUANTUM CNN,2,,29,3.587887049,0.8883782029,0.854768157,0.3603438735,0.4964864552,0.001000000047
SDG,QUANTUM CNN,2,,30,3.642854214,0.8982271552,0.878390193,0.3439916372,0.3986925185,0.001000000047
SDG,QUANTUM CNN,3,,1,22.44927382,0.5107221007,0.2338003516,1.174631119,1.359026551,0.001000000047
SDG,QUANTUM CNN,3,,2,3.993518591,0.6468271613,0.6225919724,0.9504337907,0.8992406726,0.001000000047
SDG,QUANTUM CNN,3,,3,3.994341135,0.6838074327,0.661120832,0.8381926417,0.8589581847,0.001000000047
SDG,QUANTUM CNN,3,,4,3.947741508,0.7277899384,0.7513135076,0.740428865,0.6489794254,0.001000000047
SDG,QUANTUM CNN,3,,5,3.984170675,0.7352297306,0.7583187222,0.6855301261,0.6414553523,0.001000000047
SDG,QUANTUM CNN,3,,6,3.944311619,0.7409190536,0.7460595369,0.6452153921,0.5883998871,0.001000000047
SDG,QUANTUM CNN,3,,7,3.99303627,0.7452954054,0.7530648112,0.6233584881,0.6045276523,0.001000000047
SDG,QUANTUM CNN,3,,8,3.937411785,0.7518599629,0.7486864924,0.5884384513,0.6109950542,0.001000000047
SDG,QUANTUM CNN,3,,9,4.068192959,0.7540481687,0.7329246998,0.6010013223,0.6397467852,0.001000000047
SDG,QUANTUM CNN,3,,10,3.972898483,0.7792122364,0.6506129503,0.5844741464,1.068997979,0.001000000047
SDG,QUANTUM CNN,3,,11,3.950948,0.7951859832,0.7828371525,0.5744538903,0.643953383,0.0005000000237
SDG,QUANTUM CNN,3,,12,3.945891619,0.8231947422,0.8345008492,0.5221377015,0.5425214767,0.0005000000237
SDG,QUANTUM CNN,3,,13,3.987051725,0.8328227401,0.8327495456,0.5097445846,0.5324804783,0.0005000000237
SDG,QUANTUM CNN,3,,14,4.032813311,0.8330415487,0.8345008492,0.4959347546,0.5382912755,0.0005000000237
SDG,QUANTUM CNN,3,,15,3.971358061,0.8448577523,0.8064798713,0.4790901244,0.5584037304,0.0005000000237
SDG,QUANTUM CNN,3,,16,3.981882095,0.8428884149,0.8432574272,0.4779770076,0.5245757699,0.0005000000237
SDG,QUANTUM CNN,3,,17,3.967642546,0.8463894725,0.8327495456,0.4650422633,0.4919478595,0.0005000000237
SDG,QUANTUM CNN,3,,18,4.010193348,0.8536105156,0.824868679,0.4509201944,0.5473252535,0.0005000000237
SDG,QUANTUM CNN,3,,19,3.970113754,0.8566739559,0.8021015525,0.4409305751,0.5599681139,0.0005000000237
SDG,QUANTUM CNN,3,,20,3.997736454,0.861269176,0.8537653089,0.4366776049,0.4612329602,0.0005000000237
SDG,QUANTUM CNN,3,,21,3.952326059,0.8621444106,0.824868679,0.4267027676,0.5203858018,0.0005000000237
SDG,QUANTUM CNN,3,,22,4.039330244,0.8625820279,0.8765323758,0.423483938,0.4302098751,0.0005000000237
SDG,QUANTUM CNN,3,,23,3.946707726,0.864551425,0.8721541166,0.4195780456,0.444425106,0.0005000000237
SDG,QUANTUM CNN,3,,24,4.052877903,0.870459497,0.8590192795,0.409429729,0.4385600984,0.0005000000237
SDG,QUANTUM CNN,3,,25,4.012299299,0.8776805401,0.824868679,0.3951013684,0.5247745514,0.0005000000237
SDG,QUANTUM CNN,3,,26,3.94694376,0.8798686862,0.8826619983,0.3897203505,0.418382287,0.0005000000237
SDG,QUANTUM CNN,3,,27,3.984747171,0.8748359084,0.8537653089,0.3953983486,0.4515955448,0.0005000000237
SDG,QUANTUM CNN,3,,28,3.946669579,0.8822757006,0.8520140052,0.3743284941,0.452334851,0.0005000000237
SDG,QUANTUM CNN,3,,29,4.011976004,0.8835886121,0.8712784648,0.3654132187,0.4261457026,0.0005000000237
SDG,QUANTUM CNN,3,,30,3.956315994,0.8905907869,0.847635746,0.3671890795,0.4509126544,0.0005000000237
SDG,QUANTUM CNN,4,,1,20.33908033,0.3947483599,0.3931698799,1.283038974,1.431771517,0.001000000047
SDG,QUANTUM CNN,4,,2,4.093384027,0.5855579972,0.5726795197,1.048953652,1.103029609,0.001000000047
SDG,QUANTUM CNN,4,,3,4.066321373,0.6993435621,0.7154115438,0.8897429705,0.8140867352,0.001000000047
SDG,QUANTUM CNN,4,,4,4.0839293,0.7319474816,0.7740805745,0.7818127871,0.706184268,0.001000000047
SDG,QUANTUM CNN,4,,5,4.077399015,0.7409190536,0.7661996484,0.7114140987,0.6720932722,0.001000000047
SDG,QUANTUM CNN,4,,6,4.037597418,0.7608315349,0.8152364492,0.6718429327,0.6006338,0.001000000047
SDG,QUANTUM CNN,4,,7,4.043008566,0.7717724442,0.7311733961,0.6413012147,0.7227007747,0.001000000047
SDG,QUANTUM CNN,4,,8,4.043838263,0.7735229731,0.8021015525,0.6320887208,0.5925307274,0.001000000047
SDG,QUANTUM CNN,4,,9,4.137573004,0.785776794,0.8283712864,0.5980358124,0.5765366554,0.001000000047
SDG,QUANTUM CNN,4,,10,4.007881641,0.8035010695,0.8318738937,0.580399394,0.5401662588,0.001000000047
SDG,QUANTUM CNN,4,,11,3.987286806,0.8032822609,0.7697022557,0.5679418445,0.6845327616,0.001000000047
SDG,QUANTUM CNN,4,,12,4.013198376,0.8091903925,0.8327495456,0.5590550303,0.561185658,0.001000000047
SDG,QUANTUM CNN,4,,13,4.003565073,0.813129127,0.8458844423,0.5526490211,0.5058036447,0.001000000047
SDG,QUANTUM CNN,4,,14,3.988948107,0.827571094,0.8108581305,0.5121310353,0.5276019573,0.001000000047
SDG,QUANTUM CNN,4,,15,3.991919041,0.822319448,0.8651488423,0.5063168406,0.4645625651,0.001000000047
SDG,QUANTUM CNN,4,,16,4.005272388,0.8341356516,0.8555166125,0.494571954,0.457075119,0.001000000047
SDG,QUANTUM CNN,4,,17,3.994243622,0.8380743861,0.8607705832,0.4759807885,0.4503583312,0.001000000047
SDG,QUANTUM CNN,4,,18,3.993267775,0.8549234271,0.838879168,0.4529446363,0.4867221415,0.001000000047
SDG,QUANTUM CNN,4,,19,4.074470758,0.8538293242,0.8485113978,0.4549044371,0.4536209106,0.001000000047
SDG,QUANTUM CNN,4,,20,4.002826214,0.8518599272,0.8642731905,0.4499108493,0.4647355676,0.001000000047
SDG,QUANTUM CNN,4,,21,3.97877717,0.85295403,0.8800350428,0.44796139,0.4136551023,0.001000000047
SDG,QUANTUM CNN,4,,22,3.998097897,0.8573304415,0.8826619983,0.4362236261,0.393707931,0.001000000047
SDG,QUANTUM CNN,4,,23,4.009290934,0.8691465855,0.8826619983,0.4141738415,0.3997133076,0.001000000047
SDG,QUANTUM CNN,4,,24,4.065653324,0.8741794229,0.875656724,0.4047460854,0.4159339368,0.001000000047
SDG,QUANTUM CNN,4,,25,3.988245726,0.8700218797,0.8651488423,0.404612273,0.4417977035,0.001000000047
SDG,QUANTUM CNN,4,,26,3.979202747,0.8768052459,0.8844133019,0.3937066495,0.3869287968,0.001000000047
SDG,QUANTUM CNN,4,,27,4.065822124,0.8781181574,0.8537653089,0.390630275,0.4285248518,0.001000000047
SDG,QUANTUM CNN,4,,28,4.00929141,0.881400466,0.8914185762,0.3744387329,0.369875133,0.001000000047
SDG,QUANTUM CNN,4,,29,4.074969053,0.8875273466,0.8861646056,0.3714394867,0.3975943923,0.001000000047
SDG,QUANTUM CNN,4,,30,4.018944025,0.8884026408,0.8765323758,0.3637019098,0.3989664912,0.001000000047
SDG,QUANTUM CNN,5,,1,19.94251037,0.4398249388,0.2828371227,1.211775541,1.394339681,0.001000000047
SDG,QUANTUM CNN,5,,2,4.006933689,0.6245076656,0.72329247,0.9963717461,0.9365300536,0.001000000047
SDG,QUANTUM CNN,5,,3,3.982967138,0.6999999881,0.7898423672,0.8637820482,0.7722434402,0.001000000047
SDG,QUANTUM CNN,5,,4,4.091176748,0.7380744219,0.7661996484,0.7858897448,0.7536278367,0.001000000047
SDG,QUANTUM CNN,5,,5,4.999395609,0.7553610206,0.8257443309,0.7255753279,0.6550400257,0.001000000047
SDG,QUANTUM CNN,5,,6,3.985420227,0.7636761665,0.8029772043,0.6910974979,0.6864310503,0.001000000047
SDG,QUANTUM CNN,5,,7,4.086917639,0.7704595327,0.8152364492,0.669106245,0.6134300232,0.001000000047
SDG,QUANTUM CNN,5,,8,3.971667767,0.790372014,0.7014010549,0.6371882558,0.7556868792,0.001000000047
SDG,QUANTUM CNN,5,,9,4.074385405,0.8010941148,0.8362522125,0.6179302931,0.5674877167,0.001000000047
SDG,QUANTUM CNN,5,,10,4.006026745,0.8129102588,0.8380035162,0.5878911018,0.5711014271,0.001000000047
SDG,QUANTUM CNN,5,,11,4.019891024,0.8177242875,0.847635746,0.5665162206,0.5450379848,0.001000000047
SDG,QUANTUM CNN,5,,12,4.074071169,0.8299781084,0.8572679758,0.5449457765,0.4950163364,0.001000000047
SDG,QUANTUM CNN,5,,13,4.042596817,0.8319475055,0.870402813,0.525351584,0.4831614196,0.001000000047
SDG,QUANTUM CNN,5,,14,4.04545784,0.8260393739,0.852889657,0.5348112583,0.5041759014,0.001000000047
SDG,QUANTUM CNN,5,,15,4.062151432,0.8361050487,0.8345008492,0.5076681972,0.4953314066,0.001000000047
SDG,QUANTUM CNN,5,,16,3.98939538,0.8455142379,0.8450087309,0.4887235463,0.4881697595,0.001000000047
SDG,QUANTUM CNN,5,,17,4.015149593,0.8505470753,0.8686515093,0.4825077355,0.4686069191,0.001000000047
SDG,QUANTUM CNN,5,,18,4.084942818,0.8437636495,0.8896672726,0.4794629514,0.4085249007,0.001000000047
SDG,QUANTUM CNN,5,,19,3.988281965,0.8483588696,0.8555166125,0.467359513,0.4715422392,0.001000000047
SDG,QUANTUM CNN,5,,20,4.025208473,0.8494529724,0.8660244942,0.4728495181,0.4506062567,0.001000000047
SDG,QUANTUM CNN,5,,21,4.025382757,0.8597373962,0.8835376501,0.4521439075,0.4267990291,0.001000000047
SDG,QUANTUM CNN,5,,22,4.068224192,0.8673960567,0.8852889538,0.4239343107,0.4142470658,0.001000000047
SDG,QUANTUM CNN,5,,23,4.069293976,0.8647702336,0.8590192795,0.4329688549,0.4329624176,0.0005000000237
SDG,QUANTUM CNN,5,,24,3.993076086,0.8849015236,0.8992995024,0.3869075775,0.3816052377,0.0005000000237
SDG,QUANTUM CNN,5,,25,3.984292507,0.8849015236,0.8914185762,0.3847228885,0.4051181078,0.0005000000237
SDG,QUANTUM CNN,5,,26,4.08329463,0.8921225667,0.8905429244,0.3728497028,0.3965369761,0.0005000000237
SDG,QUANTUM CNN,5,,27,3.977632761,0.8962801099,0.8931698799,0.3610198796,0.3953886032,0.0005000000237
SDG,QUANTUM CNN,5,,28,4.171435118,0.8945295215,0.9019264579,0.3604187071,0.3546333313,0.0005000000237
SDG,QUANTUM CNN,5,,29,4.011012554,0.89781183,0.9045534134,0.3563474417,0.3637752831,0.0005000000237
SDG,QUANTUM CNN,5,,30,4.029930592,0.9035010934,0.9063047171,0.3387210965,0.3543106318,0.0005000000237
HybridAdamSDG,MLCNN,1,,1,18.64140248,0.7430509925,0.664041996,0.7032971382,0.8747677207,0.001000000047
HybridAdamSDG,MLCNN,1,,2,4.079005718,0.7826657891,0.8495188355,0.5847687125,0.4343860149,0.001000000047
HybridAdamSDG,MLCNN,1,,3,4.107870579,0.8246881366,0.847769022,0.4901793897,0.3690666556,0.001000000047
HybridAdamSDG,MLCNN,1,,4,4.099359751,0.8474501967,0.884514451,0.4192105532,0.3144667447,0.001000000047
HybridAdamSDG,MLCNN,1,,5,4.101612806,0.8739330173,0.899387598,0.3572026193,0.2559666038,0.001000000047
HybridAdamSDG,MLCNN,1,,6,4.091912031,0.8929743767,0.923009634,0.3023662865,0.2232734561,0.001000000047
HybridAdamSDG,MLCNN,1,,7,4.098662138,0.9122346044,0.9291338325,0.2623266578,0.1815473586,0.001000000047
HybridAdamSDG,MLCNN,1,,8,4.070548534,0.9205515385,0.887139082,0.2342629731,0.3347020745,0.001000000047
HybridAdamSDG,MLCNN,1,,9,4.061276674,0.9196760654,0.7069116235,0.2260689288,1.034193754,0.001000000047
HybridAdamSDG,MLCNN,1,,10,4.08322978,0.927555263,0.9343832135,0.2174919695,0.1921497285,0.001000000047
HybridAdamSDG,MLCNN,1,,11,4.136760473,0.9308382869,0.9422572255,0.2002493739,0.1528755575,0.001000000047
HybridAdamSDG,MLCNN,1,,12,4.15145731,0.9402495027,0.9291338325,0.1763939857,0.194911167,0.001000000047
HybridAdamSDG,MLCNN,1,,13,4.139050961,0.947034359,0.916010499,0.1462620944,0.223797664,0.001000000047
HybridAdamSDG,MLCNN,1,,14,4.141669989,0.9468154907,0.9562554955,0.1502057761,0.1318303645,0.001000000047
HybridAdamSDG,MLCNN,1,,15,4.079857349,0.950973928,0.9518809915,0.142662257,0.1305079162,0.001000000047
HybridAdamSDG,MLCNN,1,,16,4.070504427,0.9601663351,0.952755928,0.1147560626,0.1461641937,0.001000000047
HybridAdamSDG,MLCNN,1,,17,4.071223259,0.9647625089,0.9641295075,0.1049528047,0.1219049767,0.001000000047
HybridAdamSDG,MLCNN,1,,18,4.09996748,0.9549135566,0.9571303725,0.1249544322,0.1410787106,0.001000000047
HybridAdamSDG,MLCNN,1,,19,4.131386757,0.9704530239,0.9571303725,0.09543178976,0.1347569227,0.001000000047
HybridAdamSDG,MLCNN,1,,20,4.155079365,0.9726417065,0.8801400065,0.09050518274,0.352124393,0.001000000047
HybridAdamSDG,MLCNN,1,,21,4.234269619,0.9708907604,0.930883646,0.08570577949,0.2029796243,0.001000000047
HybridAdamSDG,MLCNN,1,,22,4.228659153,0.9704530239,0.9370078444,0.08851287514,0.1996577084,0.001000000047
HybridAdamSDG,MLCNN,1,,23,4.382265091,0.9737360477,0.962379694,0.08309490979,0.1282901168,0.001000000047
HybridAdamSDG,MLCNN,1,,24,4.143491745,0.9636682272,0.9641295075,0.09978670627,0.1142127141,0.001000000047
HybridAdamSDG,MLCNN,1,,25,4.270373344,0.979645431,0.9676290751,0.05692600459,0.1120434627,0.001000000047
HybridAdamSDG,MLCNN,1,,26,4.231196642,0.9831473231,0.962379694,0.05279131979,0.1269975901,0.001000000047
HybridAdamSDG,MLCNN,1,,27,4.0755651,0.9842416048,0.953630805,0.05245138705,0.1498467177,0.001000000047
HybridAdamSDG,MLCNN,1,,28,4.232393503,0.977894485,0.968503952,0.06112647429,0.1078638136,0.001000000047
HybridAdamSDG,MLCNN,1,,29,4.196229219,0.979645431,0.953630805,0.06327529252,0.1455138475,0.001000000047
HybridAdamSDG,MLCNN,1,,30,4.114197731,0.9816152453,0.9658792615,0.05638789386,0.1337490678,0.001000000047
HybridAdamSDG,MLCNN,2,,1,17.55569601,0.7406434417,0.4663167,0.6974599957,1.322371244,0.001000000047
HybridAdamSDG,MLCNN,2,,2,4.111109734,0.8257824183,0.6666666865,0.4829685986,0.9170090556,0.001000000047
HybridAdamSDG,MLCNN,2,,3,4.064483404,0.8496388793,0.8757655025,0.419609189,0.3425098062,0.001000000047
HybridAdamSDG,MLCNN,2,,4,4.057313442,0.8717443347,0.8503937125,0.3628637493,0.3636260331,0.001000000047
HybridAdamSDG,MLCNN,2,,5,4.097764015,0.8920989037,0.840769887,0.312502563,0.4738662839,0.001000000047
HybridAdamSDG,MLCNN,2,,6,4.159080744,0.9039177299,0.8355205655,0.2823903263,0.4705992639,0.001000000047
HybridAdamSDG,MLCNN,2,,7,4.069741249,0.9240534306,0.9291338325,0.2390254289,0.2170086056,0.001000000047
HybridAdamSDG,MLCNN,2,,8,4.136628151,0.9312759638,0.9291338325,0.2065039575,0.1922931224,0.001000000047
HybridAdamSDG,MLCNN,2,,9,4.062490463,0.9354344606,0.9212598205,0.1900948733,0.209833011,0.001000000047
HybridAdamSDG,MLCNN,2,,10,4.096633673,0.9544758201,0.9518809915,0.1397354901,0.1607158184,0.001000000047
HybridAdamSDG,MLCNN,2,,11,4.083663464,0.9623550177,0.9352580905,0.1251457781,0.2047491372,0.001000000047
HybridAdamSDG,MLCNN,2,,12,4.095607042,0.9584153891,0.9335083365,0.1297836155,0.2147537172,0.001000000047
HybridAdamSDG,MLCNN,2,,13,4.146306992,0.9652002454,0.9343832135,0.1143883243,0.2075700909,0.001000000047
HybridAdamSDG,MLCNN,2,,14,4.136323214,0.9667323232,0.9501312375,0.1062711552,0.1610945612,0.001000000047
HybridAdamSDG,MLCNN,2,,15,4.126946449,0.9649813771,0.952755928,0.1042778194,0.1683704406,0.001000000047
HybridAdamSDG,MLCNN,2,,16,4.160866022,0.9643247724,0.9431321025,0.1026118249,0.1889077723,0.001000000047
HybridAdamSDG,MLCNN,2,,17,4.204640388,0.9652002454,0.937882781,0.09617605805,0.2319704443,0.001000000047
HybridAdamSDG,MLCNN,2,,18,4.258008957,0.9754869938,0.9571303725,0.07963374257,0.1508781165,0.001000000047
HybridAdamSDG,MLCNN,2,,19,4.159668446,0.9798642993,0.953630805,0.06523560733,0.1776688099,0.001000000047
HybridAdamSDG,MLCNN,2,,20,4.152949333,0.9800831676,0.954505682,0.06483095884,0.1473750919,0.001000000047
HybridAdamSDG,MLCNN,2,,21,4.104197979,0.9792076945,0.9431321025,0.07093880326,0.2074119002,0.001000000047
HybridAdamSDG,MLCNN,2,,22,4.062620878,0.9759247303,0.9501312375,0.07080379128,0.1859680116,0.001000000047
HybridAdamSDG,MLCNN,2,,23,4.081237555,0.9783322215,0.961504817,0.06993760914,0.1432998329,0.001000000047
HybridAdamSDG,MLCNN,2,,24,4.100485325,0.9842416048,0.9641295075,0.05017179251,0.153693825,0.001000000047
HybridAdamSDG,MLCNN,2,,25,4.087314129,0.9800831676,0.963254571,0.05575663224,0.1495716423,0.001000000047
HybridAdamSDG,MLCNN,2,,26,4.08912158,0.9818341136,0.961504817,0.05260452256,0.1277345717,0.001000000047
HybridAdamSDG,MLCNN,2,,27,4.103654146,0.9868680239,0.944881916,0.046818275,0.2131817043,0.001000000047
HybridAdamSDG,MLCNN,2,,28,4.111157179,0.9864302874,0.9588801265,0.04319302738,0.1647975147,0.001000000047
HybridAdamSDG,MLCNN,2,,29,4.071779251,0.9886189699,0.955380559,0.03679503128,0.1822683364,0.001000000047
HybridAdamSDG,MLCNN,2,,30,4.158948421,0.9868680239,0.9492563605,0.04066649452,0.1903761327,0.001000000047
HybridAdamSDG,MLCNN,3,,1,20.23104358,0.7091903687,0.3546409905,0.7607006431,2.207113028,0.001000000047
HybridAdamSDG,MLCNN,3,,2,4.13684392,0.7993435264,0.7758318782,0.5242910385,0.7607638836,0.001000000047
HybridAdamSDG,MLCNN,3,,3,4.12706852,0.8221006393,0.8029772043,0.4951442778,0.5020759702,0.001000000047
HybridAdamSDG,MLCNN,3,,4,4.117078543,0.8466083407,0.8231173158,0.4148699045,0.4484694302,0.001000000047
HybridAdamSDG,MLCNN,3,,5,4.164300442,0.8531728387,0.8879159093,0.4066969454,0.3082053959,0.001000000047
HybridAdamSDG,MLCNN,3,,6,4.108224154,0.8761488199,0.790718019,0.3417454958,0.5821039081,0.001000000047
HybridAdamSDG,MLCNN,3,,7,4.121401548,0.8835886121,0.8957968354,0.3164660335,0.2720470428,0.001000000047
HybridAdamSDG,MLCNN,3,,8,4.147714138,0.9021881819,0.8056042194,0.2718500197,0.5653182864,0.001000000047
HybridAdamSDG,MLCNN,3,,9,4.107763052,0.9166302085,0.9203152657,0.2341745347,0.230424121,0.001000000047
HybridAdamSDG,MLCNN,3,,10,4.174167395,0.9247264862,0.9133099914,0.2078368664,0.2731988728,0.001000000047
HybridAdamSDG,MLCNN,3,,11,4.188284159,0.9323851466,0.9395796657,0.1916235834,0.1781414747,0.001000000047
HybridAdamSDG,MLCNN,3,,12,4.165994406,0.9424507618,0.9141856432,0.169048205,0.2492320687,0.001000000047
HybridAdamSDG,MLCNN,3,,13,4.128821373,0.9393873215,0.9439579844,0.1715990305,0.1700264066,0.001000000047
HybridAdamSDG,MLCNN,3,,14,4.114938021,0.9549233913,0.9535902143,0.1275256425,0.1346004009,0.001000000047
HybridAdamSDG,MLCNN,3,,15,4.165459633,0.9520787597,0.9553415179,0.1387464404,0.1481195837,0.001000000047
HybridAdamSDG,MLCNN,3,,16,4.189096451,0.9525164366,0.8686515093,0.131377697,0.3833461106,0.001000000047
HybridAdamSDG,MLCNN,3,,17,4.14627099,0.9608315229,0.9483362436,0.1170151308,0.1504553258,0.001000000047
HybridAdamSDG,MLCNN,3,,18,4.127162695,0.9673960805,0.9334501028,0.09698616713,0.2155618668,0.001000000047
HybridAdamSDG,MLCNN,3,,19,4.152576685,0.9724288583,0.94658494,0.08833745122,0.1910942495,0.001000000047
HybridAdamSDG,MLCNN,3,,20,4.130264521,0.9750546813,0.9404553175,0.07285221666,0.1941222101,0.001000000047
HybridAdamSDG,MLCNN,3,,21,4.174060345,0.9735229611,0.951838851,0.07003002614,0.1719388217,0.001000000047
HybridAdamSDG,MLCNN,3,,22,4.170090914,0.9763675928,0.9649737477,0.06791887432,0.1390169561,0.001000000047
HybridAdamSDG,MLCNN,3,,23,4.137557268,0.9752735496,0.9605954289,0.07381893694,0.1345751733,0.001000000047
HybridAdamSDG,MLCNN,3,,24,4.113716125,0.9796499014,0.9684763551,0.05931686237,0.1328885704,0.001000000047
HybridAdamSDG,MLCNN,3,,25,4.15559864,0.9824945331,0.9483362436,0.05118240416,0.1737030596,0.001000000047
HybridAdamSDG,MLCNN,3,,26,4.169664383,0.9811816216,0.9535902143,0.06147425622,0.1550977975,0.001000000047
HybridAdamSDG,MLCNN,3,,27,4.123061419,0.9789934158,0.9492118955,0.05982203409,0.2273808122,0.001000000047
HybridAdamSDG,MLCNN,3,,28,4.136902809,0.9846827388,0.9562171698,0.0457610935,0.1859952509,0.001000000047
HybridAdamSDG,MLCNN,3,,29,4.122213364,0.9822757244,0.9658493996,0.05838194489,0.1211187765,0.001000000047
HybridAdamSDG,MLCNN,3,,30,4.134757757,0.9851203561,0.9658493996,0.04307931289,0.1291532665,0.001000000047
HybridAdamSDG,MLCNN,4,,1,17.03828764,0.7120350003,0.2775831819,0.7643971443,10.03317547,0.001000000047
HybridAdamSDG,MLCNN,4,,2,4.110908031,0.8144420385,0.7898423672,0.5130510926,0.5406274796,0.001000000047
HybridAdamSDG,MLCNN,4,,3,4.168434381,0.8319475055,0.8091068268,0.4490444362,0.4662151635,0.001000000047
HybridAdamSDG,MLCNN,4,,4,4.213937759,0.8741794229,0.8458844423,0.3567417264,0.3704647422,0.001000000047
HybridAdamSDG,MLCNN,4,,5,4.138989449,0.8862144351,0.9028021097,0.3098259568,0.2915218771,0.001000000047
HybridAdamSDG,MLCNN,4,,6,4.189339399,0.9006564617,0.8651488423,0.2684327662,0.3665382564,0.001000000047
HybridAdamSDG,MLCNN,4,,7,4.148715019,0.9168490171,0.8590192795,0.2337138653,0.4434036911,0.001000000047
HybridAdamSDG,MLCNN,4,,8,4.291179895,0.9234135747,0.9308230877,0.2241219282,0.1942451745,0.001000000047
HybridAdamSDG,MLCNN,4,,9,4.319691658,0.9365426898,0.9246935248,0.191944629,0.1990459859,0.001000000047
HybridAdamSDG,MLCNN,4,,10,4.255264282,0.9415754676,0.929071784,0.1667348295,0.214926973,0.001000000047
HybridAdamSDG,MLCNN,4,,11,4.16633153,0.949234128,0.9369527102,0.1441218555,0.1881479919,0.001000000047
HybridAdamSDG,MLCNN,4,,12,4.150713444,0.9507658482,0.932574451,0.1395193189,0.2321098894,0.001000000047
HybridAdamSDG,MLCNN,4,,13,4.153962374,0.9538293481,0.937828362,0.1275697052,0.2021586895,0.001000000047
HybridAdamSDG,MLCNN,4,,14,4.165836573,0.9623632431,0.9430823326,0.1132614017,0.1928332001,0.001000000047
HybridAdamSDG,MLCNN,4,,15,4.223196268,0.9619256258,0.9474605918,0.1060998961,0.1718498617,0.001000000047
HybridAdamSDG,MLCNN,4,,16,4.187942266,0.971334815,0.9544658661,0.07938343287,0.1314019263,0.001000000047
HybridAdamSDG,MLCNN,4,,17,4.126082182,0.9665207863,0.9299474359,0.09202229977,0.236899361,0.001000000047
HybridAdamSDG,MLCNN,4,,18,4.281973839,0.9748358727,0.9509631991,0.07274581492,0.1676508039,0.001000000047
HybridAdamSDG,MLCNN,4,,19,4.132124186,0.971991241,0.9553415179,0.08097726852,0.167530939,0.001000000047
HybridAdamSDG,MLCNN,4,,20,4.137786865,0.9829321504,0.9500875473,0.04994535446,0.1836626232,0.001000000047
HybridAdamSDG,MLCNN,4,,21,4.197676182,0.980525136,0.9562171698,0.05910217762,0.1829007566,0.001000000047
HybridAdamSDG,MLCNN,4,,22,4.196995258,0.9811816216,0.9527145624,0.06677562743,0.2142290324,0.001000000047
HybridAdamSDG,MLCNN,4,,23,4.15981555,0.9757111669,0.9422066808,0.07498175651,0.1953693926,0.001000000047
HybridAdamSDG,MLCNN,4,,24,4.130192041,0.9814004302,0.9404553175,0.05386836082,0.2474512458,0.001000000047
HybridAdamSDG,MLCNN,4,,25,4.168830156,0.9842450619,0.9395796657,0.05323406681,0.2353790849,0.001000000047
HybridAdamSDG,MLCNN,4,,26,4.158073425,0.9822757244,0.9404553175,0.05297083035,0.2400241494,0.001000000047
HybridAdamSDG,MLCNN,4,,27,4.132561684,0.9827133417,0.9483362436,0.05350508541,0.1785205156,0.001000000047
HybridAdamSDG,MLCNN,4,,28,4.119488001,0.9875273705,0.9176882505,0.0400438644,0.3110416532,0.001000000047
HybridAdamSDG,MLCNN,4,,29,4.179112911,0.9879649878,0.9474605918,0.04015644267,0.2285563201,0.001000000047
HybridAdamSDG,MLCNN,4,,30,4.155041218,0.9866520762,0.9562171698,0.03712496161,0.1735305339,0.001000000047
HybridAdamSDG,MLCNN,5,,1,17.1626637,0.7431071997,0.285464108,0.6967668533,2.961639881,0.001000000047
HybridAdamSDG,MLCNN,5,,2,4.195094585,0.8288840055,0.8441330791,0.4749404192,0.4337462783,0.001000000047
HybridAdamSDG,MLCNN,5,,3,4.167939186,0.8579868674,0.8677758574,0.3963911831,0.330493629,0.001000000047
HybridAdamSDG,MLCNN,5,,4,4.176062107,0.8842450976,0.8721541166,0.3292321861,0.3131310046,0.001000000047
HybridAdamSDG,MLCNN,5,,5,4.172021627,0.9019693732,0.8896672726,0.291698575,0.2675526142,0.001000000047
HybridAdamSDG,MLCNN,5,,6,4.221621752,0.9223194718,0.9203152657,0.231580317,0.2522681952,0.001000000047
HybridAdamSDG,MLCNN,5,,7,4.150248051,0.9312910438,0.932574451,0.2111252248,0.1988986284,0.001000000047
HybridAdamSDG,MLCNN,5,,8,4.114376307,0.9315098524,0.9404553175,0.1892718822,0.1963226199,0.001000000047
HybridAdamSDG,MLCNN,5,,9,4.142864466,0.9446389675,0.8931698799,0.1669758558,0.2988914549,0.001000000047
HybridAdamSDG,MLCNN,5,,10,4.170599937,0.949234128,0.9369527102,0.1443161666,0.1995005906,0.001000000047
HybridAdamSDG,MLCNN,5,,11,4.132388592,0.9562363029,0.9001751542,0.1313276887,0.2978895009,0.001000000047
HybridAdamSDG,MLCNN,5,,12,4.123938322,0.9630196691,0.937828362,0.110927023,0.1913653165,0.001000000047
HybridAdamSDG,MLCNN,5,,13,4.14000988,0.9575492144,0.9141856432,0.1257411093,0.2703508139,0.001000000047
HybridAdamSDG,MLCNN,5,,14,4.178151369,0.9689278007,0.8887916207,0.09486347437,0.3886375129,0.001000000047
HybridAdamSDG,MLCNN,5,,15,4.141180754,0.9724288583,0.9500875473,0.08685034513,0.1705775112,0.001000000047
HybridAdamSDG,MLCNN,5,,16,4.151176691,0.9667395949,0.9387040138,0.09712563455,0.1952494085,0.001000000047
HybridAdamSDG,MLCNN,5,,17,4.177350044,0.9673960805,0.9509631991,0.09440279007,0.1754445881,0.001000000047
HybridAdamSDG,MLCNN,5,,18,4.127988815,0.9768052697,0.9422066808,0.06634347141,0.1771584451,0.001000000047
HybridAdamSDG,MLCNN,5,,19,4.120619297,0.9778993726,0.8791593909,0.06587004662,0.3831266165,0.001000000047
HybridAdamSDG,MLCNN,5,,20,4.148281574,0.97986871,0.9527145624,0.06677760929,0.1710116118,0.001000000047
HybridAdamSDG,MLCNN,5,,21,4.168259621,0.9752735496,0.9273204803,0.0728821978,0.2839498818,0.001000000047
HybridAdamSDG,MLCNN,5,,22,4.131367683,0.9829321504,0.9535902143,0.05688310415,0.1588213146,0.001000000047
HybridAdamSDG,MLCNN,5,,23,4.133932829,0.9811816216,0.9159369469,0.05712942034,0.2818786204,0.001000000047
HybridAdamSDG,MLCNN,5,,24,4.172647953,0.9787746072,0.8572679758,0.05884275958,0.4470427334,0.001000000047
HybridAdamSDG,MLCNN,5,,25,4.158514977,0.9796499014,0.9343257546,0.06297970563,0.2363421023,0.001000000047
HybridAdamSDG,MLCNN,5,,26,4.140788555,0.9818380475,0.9597197771,0.05652108416,0.1539153159,0.001000000047
HybridAdamSDG,MLCNN,5,,27,4.136671066,0.9849015474,0.9500875473,0.04243478924,0.1923185289,0.001000000047
HybridAdamSDG,MLCNN,5,,28,4.224456549,0.9833698273,0.932574451,0.05347074941,0.2272475213,0.001000000047
HybridAdamSDG,MLCNN,5,,29,4.125792742,0.9862144589,0.9588441253,0.04232660308,0.16895926,0.001000000047
HybridAdamSDG,MLCNN,5,,30,4.133606195,0.9840262532,0.932574451,0.04547153041,0.2761205733,0.001000000047
HybridAdamSDG,FEDERATED CNN,1,1,1,20.74511099,0.366579175,,1.857567072,,1.56E-05
HybridAdamSDG,FEDERATED CNN,1,1,2,6.108303547,0.4829396307,,1.393896818,,1.56E-05
HybridAdamSDG,FEDERATED CNN,1,1,3,5.922872305,0.5223097205,,1.267261744,,1.56E-05
HybridAdamSDG,FEDERATED CNN,1,1,4,5.917477131,0.581802249,,1.189141393,,1.56E-05
HybridAdamSDG,FEDERATED CNN,1,1,5,5.848236799,0.580927372,,1.166790724,,1.56E-05
HybridAdamSDG,FEDERATED CNN,1,1,6,6.025139093,0.601924777,,1.051175952,,1.56E-05
HybridAdamSDG,FEDERATED CNN,1,2,1,18.78586197,0.343832016,,1.990064383,,1.56E-05
HybridAdamSDG,FEDERATED CNN,1,2,2,5.804623365,0.4523184597,,1.513617992,,1.56E-05
HybridAdamSDG,FEDERATED CNN,1,2,3,5.933466434,0.520559907,,1.3562572,,1.56E-05
HybridAdamSDG,FEDERATED CNN,1,2,4,6.050512791,0.5450568795,,1.260774374,,1.56E-05
HybridAdamSDG,FEDERATED CNN,1,2,5,5.713191509,0.57305336,,1.203893423,,1.56E-05
HybridAdamSDG,FEDERATED CNN,1,2,6,5.981400013,0.596675396,,1.1324718,,1.56E-05
HybridAdamSDG,FEDERATED CNN,1,3,1,22.47412419,0.3161120713,,2.065891266,,1.56E-05
HybridAdamSDG,FEDERATED CNN,1,3,2,5.977916479,0.4211908877,,1.632221341,,1.56E-05
HybridAdamSDG,FEDERATED CNN,1,3,3,5.636220932,0.4824868739,,1.469954491,,1.56E-05
HybridAdamSDG,FEDERATED CNN,1,3,4,5.806989431,0.5026269555,,1.331291199,,1.56E-05
HybridAdamSDG,FEDERATED CNN,1,3,5,5.821586609,0.5490368009,,1.240801692,,1.56E-05
HybridAdamSDG,FEDERATED CNN,1,3,6,5.742703438,0.5560420156,,1.20294559,,1.56E-05
HybridAdamSDG,FEDERATED CNN,1,4,1,19.78845,0.295096308,,2.122546434,,1.56E-05
HybridAdamSDG,FEDERATED CNN,1,4,2,5.960970163,0.4352014065,,1.558098793,,1.56E-05
HybridAdamSDG,FEDERATED CNN,1,4,3,5.850181341,0.5017513037,,1.427003741,,1.56E-05
HybridAdamSDG,FEDERATED CNN,1,4,4,5.8753438,0.5253940225,,1.320711255,,1.56E-05
HybridAdamSDG,FEDERATED CNN,1,4,5,5.641666889,0.55341506,,1.150884628,,1.56E-05
HybridAdamSDG,FEDERATED CNN,1,4,6,5.990070105,0.5691769123,,1.17348206,,1.56E-05
HybridAdamSDG,FEDERATED CNN,1,5,1,19.56703711,0.3064798713,,2.14284873,,1.56E-05
HybridAdamSDG,FEDERATED CNN,1,5,2,6.175461531,0.4098073542,,1.721965551,,1.56E-05
HybridAdamSDG,FEDERATED CNN,1,5,3,6.068121195,0.4500875771,,1.568787098,,1.56E-05
HybridAdamSDG,FEDERATED CNN,1,5,4,5.879503965,0.4947460592,,1.416971326,,1.56E-05
HybridAdamSDG,FEDERATED CNN,1,5,5,6.047477484,0.522767067,,1.350292325,,1.56E-05
HybridAdamSDG,FEDERATED CNN,1,5,6,6.100822687,0.5262696743,,1.287995696,,1.56E-05
HybridAdamSDG,FEDERATED CNN,2,1,1,19.39379072,0.5905511975,,1.144936204,,1.56E-05
HybridAdamSDG,FEDERATED CNN,2,1,2,6.127201557,0.596675396,,1.096655965,,1.56E-05
HybridAdamSDG,FEDERATED CNN,2,1,3,6.145752192,0.6150481105,,1.050448656,,1.56E-05
HybridAdamSDG,FEDERATED CNN,2,1,4,5.928647757,0.608923912,,1.107701898,,1.56E-05
HybridAdamSDG,FEDERATED CNN,2,1,5,6.108478069,0.6062992215,,1.045893908,,1.56E-05
HybridAdamSDG,FEDERATED CNN,2,1,6,5.927415609,0.635170579,,1.045995593,,1.56E-05
HybridAdamSDG,FEDERATED CNN,2,2,1,19.34305167,0.558180213,,1.20741725,,1.56E-05
HybridAdamSDG,FEDERATED CNN,2,2,2,6.115021467,0.5783027411,,1.156137347,,1.56E-05
HybridAdamSDG,FEDERATED CNN,2,2,3,5.912820101,0.5844269395,,1.142893672,,1.56E-05
HybridAdamSDG,FEDERATED CNN,2,2,4,6.20631361,0.6054243445,,1.089530349,,1.56E-05
HybridAdamSDG,FEDERATED CNN,2,2,5,6.181513309,0.595800519,,1.094828486,,1.56E-05
HybridAdamSDG,FEDERATED CNN,2,2,6,5.780884743,0.6316710114,,1.044229031,,1.56E-05
HybridAdamSDG,FEDERATED CNN,2,3,1,19.71052837,0.5823117495,,1.173250556,,1.56E-05
HybridAdamSDG,FEDERATED CNN,2,3,2,5.876505136,0.5858143568,,1.172617435,,1.56E-05
HybridAdamSDG,FEDERATED CNN,2,3,3,6.053182125,0.5928196311,,1.134333849,,1.56E-05
HybridAdamSDG,FEDERATED CNN,2,3,4,5.823530197,0.5936952829,,1.119082689,,1.56E-05
HybridAdamSDG,FEDERATED CNN,2,3,5,5.664542198,0.5963222384,,1.066249371,,1.56E-05
HybridAdamSDG,FEDERATED CNN,2,3,6,6.264645815,0.6260945797,,1.048177242,,1.56E-05
HybridAdamSDG,FEDERATED CNN,2,4,1,19.78441286,0.5683012009,,1.183106422,,1.56E-05
HybridAdamSDG,FEDERATED CNN,2,4,2,5.807139158,0.5726795197,,1.164572358,,1.56E-05
HybridAdamSDG,FEDERATED CNN,2,4,3,6.108232975,0.5919439793,,1.141030431,,1.56E-05
HybridAdamSDG,FEDERATED CNN,2,4,4,5.698256254,0.5954465866,,1.098670006,,1.56E-05
HybridAdamSDG,FEDERATED CNN,2,4,5,6.062763929,0.6278458834,,1.019556642,,1.56E-05
HybridAdamSDG,FEDERATED CNN,2,4,6,6.200586319,0.6217162609,,1.008330941,,1.56E-05
HybridAdamSDG,FEDERATED CNN,2,5,1,19.65345812,0.5420315266,,1.248878598,,1.56E-05
HybridAdamSDG,FEDERATED CNN,2,5,2,6.07132411,0.5963222384,,1.157735586,,1.56E-05
HybridAdamSDG,FEDERATED CNN,2,5,3,5.906868458,0.6024518609,,1.121409893,,1.56E-05
HybridAdamSDG,FEDERATED CNN,2,5,4,6.186526299,0.598949194,,1.161473036,,1.56E-05
HybridAdamSDG,FEDERATED CNN,2,5,5,6.034661055,0.6155866981,,1.090067387,,1.56E-05
HybridAdamSDG,FEDERATED CNN,2,5,6,6.025581121,0.6085814238,,1.042564154,,1.56E-05
HybridAdamSDG,FEDERATED CNN,3,1,1,19.90581369,0.6517935395,,0.9699569345,,1.56E-05
HybridAdamSDG,FEDERATED CNN,3,1,2,6.074372768,0.6316710114,,0.9514450431,,1.56E-05
HybridAdamSDG,FEDERATED CNN,3,1,3,6.180568457,0.664916873,,0.9197466373,,1.56E-05
HybridAdamSDG,FEDERATED CNN,3,1,4,6.164845467,0.6439195275,,0.9580712318,,1.56E-05
HybridAdamSDG,FEDERATED CNN,3,1,5,6.077190876,0.6815398335,,0.8946143389,,1.56E-05
HybridAdamSDG,FEDERATED CNN,3,1,6,6.01794076,0.6736658216,,0.9224441051,,1.56E-05
HybridAdamSDG,FEDERATED CNN,3,2,1,20.09742236,0.635170579,,1.051970482,,1.56E-05
HybridAdamSDG,FEDERATED CNN,3,2,2,6.116303682,0.642169714,,1.046956301,,1.56E-05
HybridAdamSDG,FEDERATED CNN,3,2,3,6.034573555,0.635170579,,0.9845435023,,1.56E-05
HybridAdamSDG,FEDERATED CNN,3,2,4,5.957174063,0.643044591,,0.9679961205,,1.56E-05
HybridAdamSDG,FEDERATED CNN,3,2,5,5.758087397,0.6745406985,,0.912730813,,1.56E-05
HybridAdamSDG,FEDERATED CNN,3,2,6,6.003324509,0.6517935395,,0.9389761686,,1.56E-05
HybridAdamSDG,FEDERATED CNN,3,3,1,20.38695931,0.6208406091,,1.056111574,,1.56E-05
HybridAdamSDG,FEDERATED CNN,3,3,2,6.09388876,0.6374781132,,1.008764148,,1.56E-05
HybridAdamSDG,FEDERATED CNN,3,3,3,5.942851782,0.6217162609,,1.032632947,,1.56E-05
HybridAdamSDG,FEDERATED CNN,3,3,4,5.711333275,0.6479859948,,0.9018359184,,1.56E-05
HybridAdamSDG,FEDERATED CNN,3,3,5,5.750690699,0.6479859948,,0.956092,,1.56E-05
HybridAdamSDG,FEDERATED CNN,3,3,6,6.022033453,0.6619964838,,0.953826189,,1.56E-05
HybridAdamSDG,FEDERATED CNN,3,4,1,20.74701977,0.6199649572,,1.040291071,,7.81E-06
HybridAdamSDG,FEDERATED CNN,3,4,2,6.033245564,0.6366024613,,0.9965662956,,7.81E-06
HybridAdamSDG,FEDERATED CNN,3,4,3,5.85033083,0.6348511577,,1.009514809,,7.81E-06
HybridAdamSDG,FEDERATED CNN,3,4,4,5.900636196,0.6392294168,,0.9847078323,,7.81E-06
HybridAdamSDG,FEDERATED CNN,3,4,5,5.989454031,0.638353765,,0.9955069423,,7.81E-06
HybridAdamSDG,FEDERATED CNN,3,4,6,5.761437893,0.6707530618,,0.8899598122,,7.81E-06
HybridAdamSDG,FEDERATED CNN,3,5,1,20.88063931,0.6147110462,,1.125427008,,7.81E-06
HybridAdamSDG,FEDERATED CNN,3,5,2,5.725672007,0.6366024613,,1.014647007,,7.81E-06
HybridAdamSDG,FEDERATED CNN,3,5,3,5.850435972,0.6418563724,,1.003217936,,7.81E-06
HybridAdamSDG,FEDERATED CNN,3,5,4,6.047329903,0.6366024613,,1.003894329,,7.81E-06
HybridAdamSDG,FEDERATED CNN,3,5,5,6.18641901,0.6366024613,,1.009793162,,7.81E-06
HybridAdamSDG,FEDERATED CNN,3,5,6,6.262183428,0.6147110462,,1.070339918,,3.91E-06
HybridAdamSDG,FEDERATED CNN,4,1,1,19.91987014,0.6526684165,,0.9399222732,,3.91E-06
HybridAdamSDG,FEDERATED CNN,4,1,2,5.866154909,0.650043726,,0.9326630831,,3.91E-06
HybridAdamSDG,FEDERATED CNN,4,1,3,5.947977066,0.664916873,,0.969030261,,3.91E-06
HybridAdamSDG,FEDERATED CNN,4,1,4,6.125460148,0.6736658216,,0.8924488425,,3.91E-06
HybridAdamSDG,FEDERATED CNN,4,1,5,5.534860611,0.6535432935,,0.9242899418,,3.91E-06
HybridAdamSDG,FEDERATED CNN,4,1,6,5.953972101,0.6517935395,,0.927775383,,3.91E-06
HybridAdamSDG,FEDERATED CNN,4,2,1,19.66738653,0.657042861,,0.9548322558,,1.95E-06
HybridAdamSDG,FEDERATED CNN,4,2,2,5.959163427,0.6307961345,,1.001046777,,1.95E-06
HybridAdamSDG,FEDERATED CNN,4,2,3,6.103717804,0.6675415635,,0.9581030607,,1.95E-06
HybridAdamSDG,FEDERATED CNN,4,2,4,5.933535576,0.6614173055,,0.94651407,,9.77E-07
HybridAdamSDG,FEDERATED CNN,4,2,5,6.117795229,0.6509186625,,0.9297514558,,9.77E-07
HybridAdamSDG,FEDERATED CNN,4,2,6,5.893121719,0.6456692815,,0.9943386316,,9.77E-07
HybridAdamSDG,FEDERATED CNN,4,3,1,20.37986422,0.633099854,,0.9480040073,,9.77E-07
HybridAdamSDG,FEDERATED CNN,4,3,2,6.168916941,0.647110343,,0.9584047198,,9.77E-07
HybridAdamSDG,FEDERATED CNN,4,3,3,5.812805176,0.6322241426,,0.9789454341,,9.77E-07
HybridAdamSDG,FEDERATED CNN,4,3,4,5.87962532,0.638353765,,0.9887191653,,4.88E-07
HybridAdamSDG,FEDERATED CNN,4,4,1,20.04857016,0.6628721356,,0.9284878373,,4.88E-07
HybridAdamSDG,FEDERATED CNN,4,4,2,6.13817668,0.6366024613,,0.9885112643,,4.88E-07
HybridAdamSDG,FEDERATED CNN,4,4,3,6.221739054,0.6698774099,,0.9012205601,,4.88E-07
HybridAdamSDG,FEDERATED CNN,4,4,4,5.925991535,0.6654991508,,0.9065744281,,4.88E-07
HybridAdamSDG,FEDERATED CNN,4,4,5,5.852162123,0.6462346911,,0.9565137029,,4.88E-07
HybridAdamSDG,FEDERATED CNN,4,4,6,6.037253618,0.6541155577,,0.9524579048,,2.44E-07
HybridAdamSDG,FEDERATED CNN,4,5,1,19.96784258,0.6584938765,,0.9842211604,,2.44E-07
HybridAdamSDG,FEDERATED CNN,4,5,2,5.930304766,0.6479859948,,0.9639005661,,2.44E-07
HybridAdamSDG,FEDERATED CNN,4,5,3,5.936257601,0.647110343,,0.9549325109,,2.44E-07
HybridAdamSDG,FEDERATED CNN,4,5,4,6.188989878,0.647110343,,0.9985525608,,2.44E-07
HybridAdamSDG,FEDERATED CNN,4,5,5,6.392401695,0.6392294168,,1.063498139,,2.44E-07
HybridAdamSDG,FEDERATED CNN,4,5,6,5.900645733,0.6593695283,,0.9644232392,,1.22E-07
HybridAdamSDG,FEDERATED CNN,5,1,1,19.64013934,0.6596675515,,0.89923805,,1.22E-07
HybridAdamSDG,FEDERATED CNN,5,1,2,5.924941778,0.657042861,,0.9081187248,,1.22E-07
HybridAdamSDG,FEDERATED CNN,5,1,3,6.121927977,0.6544181705,,0.9546738863,,1.22E-07
HybridAdamSDG,FEDERATED CNN,5,1,4,5.964374304,0.6666666865,,0.8781030774,,6.10E-08
HybridAdamSDG,FEDERATED CNN,5,1,5,6.312777996,0.6736658216,,0.8704705834,,6.10E-08
HybridAdamSDG,FEDERATED CNN,5,1,6,5.95182395,0.671916008,,0.9224085808,,6.10E-08
HybridAdamSDG,FEDERATED CNN,5,2,1,19.51261926,0.6369203925,,0.9888176918,,6.10E-08
HybridAdamSDG,FEDERATED CNN,5,2,2,5.925090313,0.672790885,,0.8959513307,,6.10E-08
HybridAdamSDG,FEDERATED CNN,5,2,3,5.941332102,0.656167984,,0.9547959566,,6.10E-08
HybridAdamSDG,FEDERATED CNN,5,2,4,5.818539619,0.657042861,,0.9875321388,,6.10E-08
HybridAdamSDG,FEDERATED CNN,5,2,5,10.65130472,0.648293972,,0.971832931,,3.05E-08
HybridAdamSDG,FEDERATED CNN,5,3,1,20.0300765,0.6252189279,,0.9927620292,,3.05E-08
HybridAdamSDG,FEDERATED CNN,5,3,2,5.969059706,0.6479859948,,1.00424552,,3.05E-08
HybridAdamSDG,FEDERATED CNN,5,3,3,5.921501637,0.6488616467,,0.965061605,,3.05E-08
HybridAdamSDG,FEDERATED CNN,5,3,4,6.042317152,0.6576182246,,0.9463154674,,3.05E-08
HybridAdamSDG,FEDERATED CNN,5,3,5,6.02461338,0.6514886022,,0.9442534447,,3.05E-08
HybridAdamSDG,FEDERATED CNN,5,3,6,6.001760006,0.6541155577,,0.9432213902,,3.05E-08
HybridAdamSDG,FEDERATED CNN,5,4,1,20.06054163,0.661120832,,0.8946622014,,3.05E-08
HybridAdamSDG,FEDERATED CNN,5,4,2,6.171802998,0.6637477875,,0.9366755486,,3.05E-08
HybridAdamSDG,FEDERATED CNN,5,4,3,6.199307442,0.6558669209,,0.9657191634,,3.05E-08
HybridAdamSDG,FEDERATED CNN,5,4,4,5.968763351,0.6584938765,,0.9441770911,,1.53E-08
HybridAdamSDG,FEDERATED CNN,5,5,1,19.86186576,0.6549912691,,0.9492703676,,1.53E-08
HybridAdamSDG,FEDERATED CNN,5,5,2,6.026984453,0.6392294168,,0.983453691,,1.53E-08
HybridAdamSDG,FEDERATED CNN,5,5,3,6.239639759,0.6339755058,,0.9930379391,,1.53E-08
HybridAdamSDG,FEDERATED CNN,5,5,4,6.177751303,0.6357268095,,1.026613593,,7.63E-09
HybridAdamSDG,FEDERATED QUANTUM CNN,1,1,1,15.53647637,0.2712160945,,1.446277976,,0.001000000047
HybridAdamSDG,FEDERATED QUANTUM CNN,1,1,2,14.78749657,0.4033245742,,1.33710897,,0.001000000047
HybridAdamSDG,FEDERATED QUANTUM CNN,1,1,3,15.39913416,0.3718285263,,1.325635433,,0.001000000047
HybridAdamSDG,FEDERATED QUANTUM CNN,1,1,4,15.00396967,0.3342082202,,1.32799542,,0.001000000047
HybridAdamSDG,FEDERATED QUANTUM CNN,1,1,5,15.14071655,0.435695529,,1.259802938,,0.001000000047
HybridAdamSDG,FEDERATED QUANTUM CNN,1,1,6,15.65815949,0.4094488323,,1.261737585,,0.001000000047
HybridAdamSDG,FEDERATED QUANTUM CNN,1,2,1,16.68717456,0.2694663107,,1.431348085,,0.001000000047
HybridAdamSDG,FEDERATED QUANTUM CNN,1,2,2,15.44575357,0.4173228443,,1.300733685,,0.001000000047
HybridAdamSDG,FEDERATED QUANTUM CNN,1,2,3,15.35504389,0.5293088555,,1.214582205,,0.001000000047
HybridAdamSDG,FEDERATED QUANTUM CNN,1,2,4,15.14694858,0.4916885495,,1.153629422,,0.001000000047
HybridAdamSDG,FEDERATED QUANTUM CNN,1,2,5,15.1326983,0.587926507,,1.081065893,,0.001000000047
HybridAdamSDG,FEDERATED QUANTUM CNN,1,2,6,15.20279312,0.5389326215,,1.116012335,,0.001000000047
HybridAdamSDG,FEDERATED QUANTUM CNN,1,3,1,16.26837349,0.272329241,,1.435684681,,0.001000000047
HybridAdamSDG,FEDERATED QUANTUM CNN,1,3,2,14.03517056,0.3222416937,,1.364979625,,0.001000000047
HybridAdamSDG,FEDERATED QUANTUM CNN,1,3,3,14.70785117,0.3861646354,,1.351628184,,0.001000000047
HybridAdamSDG,FEDERATED QUANTUM CNN,1,3,4,14.9584868,0.3905428946,,1.367855787,,0.001000000047
HybridAdamSDG,FEDERATED QUANTUM CNN,1,3,5,15.15457201,0.4448336363,,1.316855669,,0.001000000047
HybridAdamSDG,FEDERATED QUANTUM CNN,1,3,6,15.02450848,0.4632224143,,1.299200296,,0.001000000047
HybridAdamSDG,FEDERATED QUANTUM CNN,1,4,1,15.90439844,0.2845884562,,1.393097997,,0.001000000047
HybridAdamSDG,FEDERATED QUANTUM CNN,1,4,2,15.19735169,0.3450087607,,1.356403828,,0.001000000047
HybridAdamSDG,FEDERATED QUANTUM CNN,1,4,3,15.13844419,0.4299474657,,1.295410395,,0.001000000047
HybridAdamSDG,FEDERATED QUANTUM CNN,1,4,4,15.26687241,0.3633975387,,1.348347783,,0.001000000047
HybridAdamSDG,FEDERATED QUANTUM CNN,1,4,5,15.11517692,0.4859894812,,1.200183749,,0.001000000047
HybridAdamSDG,FEDERATED QUANTUM CNN,1,4,6,14.81148887,0.5017513037,,1.151183486,,0.001000000047
HybridAdamSDG,FEDERATED QUANTUM CNN,1,5,1,15.03150272,0.3213660121,,1.359667301,,0.001000000047
HybridAdamSDG,FEDERATED QUANTUM CNN,1,5,2,15.42430544,0.5262696743,,1.225468516,,0.001000000047
HybridAdamSDG,FEDERATED QUANTUM CNN,1,5,3,15.00929809,0.4877408147,,1.213220119,,0.001000000047
HybridAdamSDG,FEDERATED QUANTUM CNN,1,5,4,15.19056582,0.5262696743,,1.13947618,,0.001000000047
HybridAdamSDG,FEDERATED QUANTUM CNN,1,5,5,15.53525519,0.5218914151,,1.136040688,,0.001000000047
HybridAdamSDG,FEDERATED QUANTUM CNN,1,5,6,15.69484448,0.4859894812,,1.179836869,,0.001000000047
HybridAdamSDG,FEDERATED QUANTUM CNN,2,1,1,14.93949008,0.4094488323,,1.267234802,,0.001000000047
HybridAdamSDG,FEDERATED QUANTUM CNN,2,1,2,14.98618221,0.4715660512,,1.164966702,,0.001000000047
HybridAdamSDG,FEDERATED QUANTUM CNN,2,1,3,15.59704399,0.4628171623,,1.168893456,,0.001000000047
HybridAdamSDG,FEDERATED QUANTUM CNN,2,1,4,14.80360055,0.5476815104,,1.104679465,,0.001000000047
HybridAdamSDG,FEDERATED QUANTUM CNN,2,1,5,15.57538104,0.563429594,,1.062134862,,0.001000000047
HybridAdamSDG,FEDERATED QUANTUM CNN,2,1,6,15.0211122,0.5371828675,,1.05786705,,0.001000000047
HybridAdamSDG,FEDERATED QUANTUM CNN,2,2,1,15.0934577,0.4208224118,,1.274695039,,0.001000000047
HybridAdamSDG,FEDERATED QUANTUM CNN,2,2,2,14.67048693,0.3919509947,,1.321891427,,0.001000000047
HybridAdamSDG,FEDERATED QUANTUM CNN,2,2,3,15.79439402,0.3490813673,,1.359805346,,0.001000000047
HybridAdamSDG,FEDERATED QUANTUM CNN,2,2,4,15.37827468,0.3333333433,,1.329205751,,0.0005000000237
HybridAdamSDG,FEDERATED QUANTUM CNN,2,3,1,15.32005763,0.3099824786,,1.367260218,,0.001000000047
HybridAdamSDG,FEDERATED QUANTUM CNN,2,3,2,15.19795632,0.4352014065,,1.326526284,,0.001000000047
HybridAdamSDG,FEDERATED QUANTUM CNN,2,3,3,16.72309327,0.3975481689,,1.304233074,,0.001000000047
HybridAdamSDG,FEDERATED QUANTUM CNN,2,3,4,15.50724697,0.5070052743,,1.268929601,,0.001000000047
HybridAdamSDG,FEDERATED QUANTUM CNN,2,3,5,15.23609781,0.5122591853,,1.249860048,,0.001000000047
HybridAdamSDG,FEDERATED QUANTUM CNN,2,3,6,17.58716798,0.442206651,,1.326301217,,0.001000000047
HybridAdamSDG,FEDERATED QUANTUM CNN,2,4,1,17.00577116,0.4737302959,,1.194035172,,0.001000000047
HybridAdamSDG,FEDERATED QUANTUM CNN,2,4,2,15.29297781,0.5323992968,,1.164878964,,0.001000000047
HybridAdamSDG,FEDERATED QUANTUM CNN,2,4,3,15.51133394,0.5507881045,,1.106270671,,0.001000000047
HybridAdamSDG,FEDERATED QUANTUM CNN,2,4,4,14.88569045,0.5683012009,,1.066896677,,0.001000000047
HybridAdamSDG,FEDERATED QUANTUM CNN,2,4,5,15.15831494,0.5359019041,,1.100607991,,0.001000000047
HybridAdamSDG,FEDERATED QUANTUM CNN,2,4,6,15.28076792,0.4360770583,,1.183672786,,0.001000000047
HybridAdamSDG,FEDERATED QUANTUM CNN,2,5,1,15.83167696,0.437828362,,1.24104321,,0.001000000047
HybridAdamSDG,FEDERATED QUANTUM CNN,2,5,2,15.40091801,0.4623467624,,1.144123554,,0.001000000047
HybridAdamSDG,FEDERATED QUANTUM CNN,2,5,3,14.91012883,0.4185639322,,1.214991689,,0.001000000047
HybridAdamSDG,FEDERATED QUANTUM CNN,2,5,4,14.963135,0.4544658363,,1.226069331,,0.001000000047
HybridAdamSDG,FEDERATED QUANTUM CNN,2,5,5,15.35056496,0.4982486963,,1.132012486,,0.0005000000237
HybridAdamSDG,FEDERATED QUANTUM CNN,2,5,6,16.5728178,0.5262696743,,1.109326005,,0.0005000000237
HybridAdamSDG,FEDERATED QUANTUM CNN,3,1,1,15.61704421,0.3683289587,,1.323580265,,0.001000000047
HybridAdamSDG,FEDERATED QUANTUM CNN,3,1,2,15.37783861,0.3727034032,,1.24903357,,0.001000000047
HybridAdamSDG,FEDERATED QUANTUM CNN,3,1,3,15.32016039,0.427821517,,1.202084184,,0.001000000047
HybridAdamSDG,FEDERATED QUANTUM CNN,3,1,4,15.48809338,0.4593175948,,1.162333727,,0.001000000047
HybridAdamSDG,FEDERATED QUANTUM CNN,3,1,5,14.97449946,0.4365704358,,1.187896729,,0.001000000047
HybridAdamSDG,FEDERATED QUANTUM CNN,3,1,6,14.93697238,0.4776902795,,1.172776461,,0.001000000047
HybridAdamSDG,FEDERATED QUANTUM CNN,3,2,1,16.0881846,0.4908136427,,1.173860908,,0.001000000047
HybridAdamSDG,FEDERATED QUANTUM CNN,3,2,2,16.8794055,0.5161854625,,1.194622874,,0.001000000047
HybridAdamSDG,FEDERATED QUANTUM CNN,3,2,3,16.77500033,0.4925634265,,1.167856336,,0.001000000047
HybridAdamSDG,FEDERATED QUANTUM CNN,3,2,4,15.26321888,0.511811018,,1.140680909,,0.001000000047
HybridAdamSDG,FEDERATED QUANTUM CNN,3,2,5,15.52340364,0.4934383333,,1.141620278,,0.001000000047
HybridAdamSDG,FEDERATED QUANTUM CNN,3,2,6,14.79302454,0.5459317565,,1.096196651,,0.001000000047
HybridAdamSDG,FEDERATED QUANTUM CNN,3,3,1,15.25107336,0.4789842367,,1.205804348,,0.001000000047
HybridAdamSDG,FEDERATED QUANTUM CNN,3,3,2,15.58843899,0.4842381775,,1.210415602,,0.001000000047
HybridAdamSDG,FEDERATED QUANTUM CNN,3,3,3,15.24068165,0.5464097857,,1.128161669,,0.001000000047
HybridAdamSDG,FEDERATED QUANTUM CNN,3,3,4,15.51982617,0.5323992968,,1.12905395,,0.001000000047
HybridAdamSDG,FEDERATED QUANTUM CNN,3,3,5,15.42658305,0.5437828302,,1.133915663,,0.001000000047
HybridAdamSDG,FEDERATED QUANTUM CNN,3,3,6,16.07664037,0.5499124527,,1.117129803,,0.0005000000237
HybridAdamSDG,FEDERATED QUANTUM CNN,3,4,1,15.29881239,0.4255691767,,1.300709724,,0.001000000047
HybridAdamSDG,FEDERATED QUANTUM CNN,3,4,2,15.265975,0.4894921184,,1.178491116,,0.001000000047
HybridAdamSDG,FEDERATED QUANTUM CNN,3,4,3,15.20590925,0.4544658363,,1.218896627,,0.001000000047
HybridAdamSDG,FEDERATED QUANTUM CNN,3,4,4,16.05132914,0.4597197771,,1.208240867,,0.001000000047
HybridAdamSDG,FEDERATED QUANTUM CNN,3,4,5,15.61753869,0.5306479931,,1.112877965,,0.0005000000237
HybridAdamSDG,FEDERATED QUANTUM CNN,3,4,6,15.17841744,0.5630472898,,1.07796824,,0.0005000000237
HybridAdamSDG,FEDERATED QUANTUM CNN,3,5,1,15.39104176,0.5297723413,,1.139511347,,0.001000000047
HybridAdamSDG,FEDERATED QUANTUM CNN,3,5,2,15.18951273,0.5525394082,,1.090034246,,0.001000000047
HybridAdamSDG,FEDERATED QUANTUM CNN,3,5,3,15.27443647,0.5288966894,,1.098550081,,0.001000000047
HybridAdamSDG,FEDERATED QUANTUM CNN,3,5,4,15.38513827,0.4649737179,,1.147603989,,0.001000000047
HybridAdamSDG,FEDERATED QUANTUM CNN,3,5,5,16.93402243,0.508756578,,1.128947377,,0.0005000000237
HybridAdamSDG,FEDERATED QUANTUM CNN,4,1,1,14.8355186,0.5170603395,,1.151417255,,0.001000000047
HybridAdamSDG,FEDERATED QUANTUM CNN,4,1,2,15.32431126,0.517935276,,1.129138708,,0.001000000047
HybridAdamSDG,FEDERATED QUANTUM CNN,4,1,3,15.26496983,0.535433054,,1.084560513,,0.001000000047
HybridAdamSDG,FEDERATED QUANTUM CNN,4,1,4,16.11071086,0.510061264,,1.114578605,,0.001000000047
HybridAdamSDG,FEDERATED QUANTUM CNN,4,1,5,16.38452792,0.503062129,,1.127256751,,0.001000000047
HybridAdamSDG,FEDERATED QUANTUM CNN,4,1,6,15.19926238,0.510936141,,1.120470166,,0.0005000000237
HybridAdamSDG,FEDERATED QUANTUM CNN,4,2,1,15.36962104,0.5441820025,,1.119715929,,0.001000000047
HybridAdamSDG,FEDERATED QUANTUM CNN,4,2,2,15.2051928,0.5669291615,,1.065282941,,0.001000000047
HybridAdamSDG,FEDERATED QUANTUM CNN,4,2,3,15.32030392,0.549431324,,1.066798091,,0.001000000047
HybridAdamSDG,FEDERATED QUANTUM CNN,4,2,4,15.17758226,0.550306201,,1.053056717,,0.001000000047
HybridAdamSDG,FEDERATED QUANTUM CNN,4,2,5,15.07846761,0.5678040385,,1.038758039,,0.001000000047
HybridAdamSDG,FEDERATED QUANTUM CNN,4,2,6,15.43977857,0.580052495,,1.001515865,,0.001000000047
HybridAdamSDG,FEDERATED QUANTUM CNN,4,3,1,15.98749185,0.3633975387,,1.351037502,,0.001000000047
HybridAdamSDG,FEDERATED QUANTUM CNN,4,3,2,15.55118084,0.4089317024,,1.240215182,,0.001000000047
HybridAdamSDG,FEDERATED QUANTUM CNN,4,3,3,15.88705277,0.4211908877,,1.246207476,,0.001000000047
HybridAdamSDG,FEDERATED QUANTUM CNN,4,3,4,16.02257133,0.433450073,,1.204212785,,0.001000000047
HybridAdamSDG,FEDERATED QUANTUM CNN,4,3,5,15.75421667,0.4973730445,,1.190399528,,0.001000000047
HybridAdamSDG,FEDERATED QUANTUM CNN,4,3,6,17.53164291,0.5008756518,,1.154852271,,0.001000000047
HybridAdamSDG,FEDERATED QUANTUM CNN,4,4,1,16.1572547,0.508756578,,1.151204109,,0.001000000047
HybridAdamSDG,FEDERATED QUANTUM CNN,4,4,2,15.62986422,0.5647985935,,1.080952525,,0.001000000047
HybridAdamSDG,FEDERATED QUANTUM CNN,4,4,3,14.68935847,0.481611222,,1.126856327,,0.001000000047
HybridAdamSDG,FEDERATED QUANTUM CNN,4,4,4,15.08727837,0.5420315266,,1.105074406,,0.001000000047
HybridAdamSDG,FEDERATED QUANTUM CNN,4,4,5,15.53227472,0.548161149,,1.084225297,,0.0005000000237
HybridAdamSDG,FEDERATED QUANTUM CNN,4,5,1,15.59697866,0.5332749486,,1.1041224,,0.001000000047
HybridAdamSDG,FEDERATED QUANTUM CNN,4,5,2,15.24813175,0.5323992968,,1.12297976,,0.001000000047
HybridAdamSDG,FEDERATED QUANTUM CNN,4,5,3,15.23478508,0.5586690307,,1.098011613,,0.001000000047
HybridAdamSDG,FEDERATED QUANTUM CNN,4,5,4,15.3492763,0.5525394082,,1.079499245,,0.001000000047
HybridAdamSDG,FEDERATED QUANTUM CNN,4,5,5,16.84199905,0.5411558747,,1.094912887,,0.001000000047
HybridAdamSDG,FEDERATED QUANTUM CNN,4,5,6,15.59912395,0.5464097857,,1.064457774,,0.001000000047
HybridAdamSDG,FEDERATED QUANTUM CNN,5,1,1,16.1529851,0.51968503,,1.13555932,,0.001000000047
HybridAdamSDG,FEDERATED QUANTUM CNN,5,1,2,16.30235338,0.520559907,,1.129052639,,0.001000000047
HybridAdamSDG,FEDERATED QUANTUM CNN,5,1,3,16.29493666,0.580927372,,1.035610437,,0.001000000047
HybridAdamSDG,FEDERATED QUANTUM CNN,5,1,4,16.89004493,0.596675396,,0.9967005849,,0.001000000047
HybridAdamSDG,FEDERATED QUANTUM CNN,5,1,5,15.2617476,0.6062992215,,0.9574331045,,0.001000000047
HybridAdamSDG,FEDERATED QUANTUM CNN,5,1,6,15.56715369,0.611548543,,0.9481955171,,0.001000000047
HybridAdamSDG,FEDERATED QUANTUM CNN,5,2,1,15.68300796,0.5704286695,,1.03578186,,0.001000000047
HybridAdamSDG,FEDERATED QUANTUM CNN,5,2,2,15.4918282,0.5293088555,,1.113521934,,0.001000000047
HybridAdamSDG,FEDERATED QUANTUM CNN,5,2,3,15.129462,0.5616797805,,1.053809643,,0.001000000047
HybridAdamSDG,FEDERATED QUANTUM CNN,5,2,4,15.11163616,0.601924777,,0.9804241061,,0.0005000000237
HybridAdamSDG,FEDERATED QUANTUM CNN,5,2,5,15.45239377,0.580052495,,0.9932485223,,0.0005000000237
HybridAdamSDG,FEDERATED QUANTUM CNN,5,2,6,15.15803766,0.580052495,,1.005828142,,0.0005000000237
HybridAdamSDG,FEDERATED QUANTUM CNN,5,3,1,15.61146426,0.570928216,,1.077109098,,0.001000000047
HybridAdamSDG,FEDERATED QUANTUM CNN,5,3,2,15.23168588,0.5691769123,,1.066643476,,0.001000000047
HybridAdamSDG,FEDERATED QUANTUM CNN,5,3,3,15.09265661,0.5148861408,,1.13605094,,0.001000000047
HybridAdamSDG,FEDERATED QUANTUM CNN,5,3,4,15.43761849,0.4833625257,,1.134942293,,0.001000000047
HybridAdamSDG,FEDERATED QUANTUM CNN,5,3,5,15.2815516,0.5035026073,,1.084275365,,0.0005000000237
HybridAdamSDG,FEDERATED QUANTUM CNN,5,4,1,15.44540882,0.5175131559,,1.118981957,,0.001000000047
HybridAdamSDG,FEDERATED QUANTUM CNN,5,4,2,15.74663234,0.5464097857,,1.087565303,,0.001000000047
HybridAdamSDG,FEDERATED QUANTUM CNN,5,4,3,16.09737229,0.5429071784,,1.056312203,,0.001000000047
HybridAdamSDG,FEDERATED QUANTUM CNN,5,4,4,16.17903805,0.5210157633,,1.065177083,,0.001000000047
HybridAdamSDG,FEDERATED QUANTUM CNN,5,4,5,15.08123279,0.5604203343,,1.02741456,,0.001000000047
HybridAdamSDG,FEDERATED QUANTUM CNN,5,4,6,15.06619525,0.4903677702,,1.119405866,,0.001000000047
HybridAdamSDG,FEDERATED QUANTUM CNN,5,5,1,15.17684698,0.55341506,,1.060293078,,0.001000000047
HybridAdamSDG,FEDERATED QUANTUM CNN,5,5,2,15.40192413,0.5569176674,,1.033218145,,0.001000000047
HybridAdamSDG,FEDERATED QUANTUM CNN,5,5,3,15.0676477,0.5280210376,,1.117967725,,0.001000000047
HybridAdamSDG,FEDERATED QUANTUM CNN,5,5,4,15.15776896,0.5201401114,,1.094246507,,0.001000000047
HybridAdamSDG,FEDERATED QUANTUM CNN,5,5,5,15.00475383,0.4719789922,,1.136271,,0.0005000000237
HybridAdamSDG,QUANTUM CNN,1,,1,81,0.2948,0.2546,1.4033,1.3898,0.001
HybridAdamSDG,QUANTUM CNN,1,,2,67,0.3563,0.3928,1.3428,1.4042,0.001
HybridAdamSDG,QUANTUM CNN,1,,3,70,0.4058,0.2572,1.2883,1.3692,0.001
HybridAdamSDG,QUANTUM CNN,1,,4,66,0.4465,0.4077,1.2355,1.1975,0.001
HybridAdamSDG,QUANTUM CNN,1,,5,66,0.5222,0.6028,1.1815,1.0686,0.001
HybridAdamSDG,QUANTUM CNN,1,,6,66,0.5301,0.3246,1.1518,1.7415,0.001
HybridAdamSDG,QUANTUM CNN,1,,7,70,0.49,0.5879,1.2033,1.1488,0.001
HybridAdamSDG,QUANTUM CNN,1,,8,66,0.5507,0.3228,1.1142,1.7871,0.001
HybridAdamSDG,QUANTUM CNN,1,,9,64,0.5555,0.6037,1.0862,1.022,0.0001
HybridAdamSDG,QUANTUM CNN,1,,10,66,0.5596,0.5792,1.0834,1.0816,0.0001
HybridAdamSDG,QUANTUM CNN,1,,11,64,0.5763,0.608,1.0592,1.009,0.0001
HybridAdamSDG,QUANTUM CNN,1,,12,65,0.5813,0.6089,1.0493,1.0118,0.0001
HybridAdamSDG,QUANTUM CNN,1,,13,65,0.5765,0.5993,1.0469,1.0189,0.0001
HybridAdamSDG,QUANTUM CNN,1,,14,67,0.5785,0.5976,1.0435,1.033,0.0001
HybridAdamSDG,QUANTUM CNN,1,,15,66,0.5905,0.6045,1.0287,1.0116,1.00E-05
HybridAdamSDG,QUANTUM CNN,1,,16,66,0.5752,0.6037,1.0391,1.0131,1.00E-05
HybridAdamSDG,QUANTUM CNN,2,,1,67,0.5016,0.3307,1.2067,1.5125,0.001
HybridAdamSDG,QUANTUM CNN,2,,2,66,0.5428,0.4462,1.1139,1.312,0.001
HybridAdamSDG,QUANTUM CNN,2,,3,66,0.5756,0.608,1.0546,1.0243,0.001
HybridAdamSDG,QUANTUM CNN,2,,4,68,0.5824,0.4584,1.0138,1.1971,0.001
HybridAdamSDG,QUANTUM CNN,2,,5,67,0.5321,0.4864,1.0567,1.2232,0.001
HybridAdamSDG,QUANTUM CNN,2,,6,67,0.5461,0.5337,1.0478,1.0176,0.001
HybridAdamSDG,QUANTUM CNN,2,,7,67,0.5815,0.5127,0.9965,1.0838,0.001
HybridAdamSDG,QUANTUM CNN,2,,8,65,0.594,0.6308,0.9837,0.9022,0.001
HybridAdamSDG,QUANTUM CNN,2,,9,66,0.5929,0.5661,0.9815,1.051,0.001
HybridAdamSDG,QUANTUM CNN,2,,10,70,0.5787,0.5757,0.98,0.9473,0.001
HybridAdamSDG,QUANTUM CNN,2,,11,66,0.5835,0.5302,0.9592,1.0141,0.001
HybridAdamSDG,QUANTUM CNN,2,,12,65,0.5951,0.6518,0.9129,0.8159,0.0001
HybridAdamSDG,QUANTUM CNN,2,,13,65,0.6091,0.6649,0.8929,0.8025,0.0001
HybridAdamSDG,QUANTUM CNN,2,,14,68,0.6078,0.6675,0.8953,0.7882,0.0001
HybridAdamSDG,QUANTUM CNN,2,,15,65,0.6255,0.6789,0.8607,0.7602,0.0001
HybridAdamSDG,QUANTUM CNN,2,,16,65,0.6229,0.6789,0.8666,0.7612,0.0001
HybridAdamSDG,QUANTUM CNN,2,,17,64,0.6257,0.6833,0.8667,0.7548,0.0001
HybridAdamSDG,QUANTUM CNN,2,,18,64,0.6332,0.6807,0.8413,0.7503,0.0001
HybridAdamSDG,QUANTUM CNN,2,,19,65,0.6205,0.6693,0.8463,0.7616,0.0001
HybridAdamSDG,QUANTUM CNN,2,,20,64,0.6367,0.6842,0.8306,0.7414,0.0001
HybridAdamSDG,QUANTUM CNN,2,,21,64,0.6422,0.6868,0.831,0.734,0.0001
HybridAdamSDG,QUANTUM CNN,2,,22,66,0.6387,0.6807,0.8363,0.7403,0.0001
HybridAdamSDG,QUANTUM CNN,2,,23,64,0.6406,0.6807,0.8308,0.7385,0.0001
HybridAdamSDG,QUANTUM CNN,2,,24,65,0.6437,0.6675,0.8173,0.7612,0.0001
HybridAdamSDG,QUANTUM CNN,2,,25,65,0.6371,0.678,0.8078,0.7362,1.00E-05
HybridAdamSDG,QUANTUM CNN,2,,26,65,0.6441,0.6807,0.8136,0.7274,1.00E-05
HybridAdamSDG,QUANTUM CNN,2,,27,64,0.6417,0.6763,0.8142,0.7345,1.00E-05
HybridAdamSDG,QUANTUM CNN,2,,28,64,0.6461,0.6833,0.8101,0.7267,1.00E-05
HybridAdamSDG,QUANTUM CNN,2,,29,65,0.6551,0.6789,0.7987,0.7275,1.00E-05
HybridAdamSDG,QUANTUM CNN,2,,30,65,0.6439,0.6807,0.8163,0.7269,1.00E-05
HybridAdamSDG,QUANTUM CNN,3,,1,65,0.3606,0.4282,1.3153,1.2394,0.001
HybridAdamSDG,QUANTUM CNN,3,,2,66,0.3449,0.3897,1.2654,1.222,0.001
HybridAdamSDG,QUANTUM CNN,3,,3,66,0.4009,0.437,1.1749,1.1451,0.001
HybridAdamSDG,QUANTUM CNN,3,,4,64,0.4796,0.4597,1.1742,1.308,0.001
HybridAdamSDG,QUANTUM CNN,3,,5,63,0.4908,0.359,1.1462,1.2872,0.001
HybridAdamSDG,QUANTUM CNN,3,,6,63,0.4919,0.4912,1.1322,1.0543,0.001
HybridAdamSDG,QUANTUM CNN,3,,7,65,0.5291,0.5823,1.1144,1.0123,0.001
HybridAdamSDG,QUANTUM CNN,3,,8,71,0.56,0.3704,1.0484,1.6684,0.001
HybridAdamSDG,QUANTUM CNN,3,,9,65,0.5832,0.6191,1.0031,0.9319,0.001
HybridAdamSDG,QUANTUM CNN,3,,10,66,0.5807,0.4667,1.0128,1.2014,0.001
HybridAdamSDG,QUANTUM CNN,3,,11,66,0.493,0.2715,1.1971,1.9853,0.001
HybridAdamSDG,QUANTUM CNN,3,,12,67,0.563,0.5587,1.0812,1.0966,0.001
HybridAdamSDG,QUANTUM CNN,3,,13,64,0.5641,0.6121,1.055,0.9791,0.0001
HybridAdamSDG,QUANTUM CNN,3,,14,63,0.5549,0.6217,1.0686,0.9653,0.0001
HybridAdamSDG,QUANTUM CNN,4,,1,67,0.4223,0.3336,1.2303,1.4729,0.001
HybridAdamSDG,QUANTUM CNN,4,,2,64,0.4473,0.4501,1.172,1.1603,0.001
HybridAdamSDG,QUANTUM CNN,4,,3,68,0.4562,0.4124,1.1419,1.5575,0.001
HybridAdamSDG,QUANTUM CNN,4,,4,65,0.4779,0.4413,1.1233,1.1546,0.001
HybridAdamSDG,QUANTUM CNN,4,,5,65,0.4888,0.507,1.0783,1.2072,0.001
HybridAdamSDG,QUANTUM CNN,4,,6,63,0.5534,0.5858,1.0657,1.011,0.001
HybridAdamSDG,QUANTUM CNN,4,,7,65,0.5184,0.5447,1.08,1.0312,0.001
HybridAdamSDG,QUANTUM CNN,4,,8,65,0.5177,0.4825,1.0649,1.031,0.001
HybridAdamSDG,QUANTUM CNN,4,,9,64,0.5374,0.5184,1.0302,1.062,0.001
HybridAdamSDG,QUANTUM CNN,4,,10,66,0.5659,0.6103,1.0146,0.9345,0.0001
HybridAdamSDG,QUANTUM CNN,4,,11,64,0.5796,0.6147,0.9858,0.9366,0.0001
HybridAdamSDG,QUANTUM CNN,4,,12,64,0.5821,0.6095,0.9839,0.9435,0.0001
HybridAdamSDG,QUANTUM CNN,4,,13,64,0.5917,0.6243,0.9816,0.9128,0.0001
HybridAdamSDG,QUANTUM CNN,4,,14,67,0.6028,0.6375,0.9642,0.9099,0.0001
HybridAdamSDG,QUANTUM CNN,4,,15,63,0.6011,0.6375,0.96,0.8963,0.0001
HybridAdamSDG,QUANTUM CNN,4,,16,64,0.6234,0.6515,0.9551,0.8951,0.0001
HybridAdamSDG,QUANTUM CNN,4,,17,65,0.6234,0.6497,0.942,0.8909,0.0001
HybridAdamSDG,QUANTUM CNN,4,,18,64,0.6249,0.6515,0.9398,0.8827,0.0001
HybridAdamSDG,QUANTUM CNN,4,,19,66,0.6193,0.6524,0.9413,0.8742,0.0001
HybridAdamSDG,QUANTUM CNN,4,,20,66,0.6265,0.6532,0.9304,0.8672,0.0001
HybridAdamSDG,QUANTUM CNN,4,,21,64,0.6348,0.6699,0.9175,0.8624,0.0001
HybridAdamSDG,QUANTUM CNN,4,,22,63,0.6363,0.6734,0.9184,0.8518,0.0001
HybridAdamSDG,QUANTUM CNN,4,,23,65,0.6516,0.6699,0.9024,0.8541,0.0001
HybridAdamSDG,QUANTUM CNN,4,,24,64,0.6523,0.676,0.8917,0.8383,0.0001
HybridAdamSDG,QUANTUM CNN,4,,25,65,0.6525,0.6699,0.889,0.8335,0.0001
HybridAdamSDG,QUANTUM CNN,4,,26,64,0.6591,0.6848,0.8799,0.8157,0.0001
HybridAdamSDG,QUANTUM CNN,4,,27,65,0.6593,0.6734,0.8749,0.8286,0.0001
HybridAdamSDG,QUANTUM CNN,4,,28,65,0.656,0.6821,0.8751,0.8131,0.0001
HybridAdamSDG,QUANTUM CNN,4,,29,64,0.6554,0.6795,0.8724,0.8058,0.0001
HybridAdamSDG,QUANTUM CNN,4,,30,64,0.6628,0.6813,0.8588,0.8021,0.0001
HybridAdamSDG,QUANTUM CNN,5,,1,65,0.305,0.2172,1.3684,1.3836,0.001
HybridAdamSDG,QUANTUM CNN,5,,2,65,0.3906,0.3441,1.2747,1.3838,0.001
HybridAdamSDG,QUANTUM CNN,5,,3,64,0.44,0.5175,1.176,1.1053,0.001
HybridAdamSDG,QUANTUM CNN,5,,4,64,0.4705,0.493,1.1414,1.1471,0.001
HybridAdamSDG,QUANTUM CNN,5,,5,65,0.4786,0.4545,1.1048,1.1814,0.001
HybridAdamSDG,QUANTUM CNN,5,,6,68,0.467,0.3345,1.0798,1.8549,0.001
HybridAdamSDG,QUANTUM CNN,5,,7,66,0.4792,0.5149,1.0638,1.0147,0.0001
HybridAdamSDG,QUANTUM CNN,5,,8,67,0.4915,0.5149,1.0516,1.0172,0.0001
HybridAdamSDG,QUANTUM CNN,5,,9,66,0.4912,0.5184,1.0434,1.0069,0.0001
HybridAdamSDG,QUANTUM CNN,5,,10,67,0.5009,0.5131,1.0382,1.0151,0.0001
HybridAdamSDG,QUANTUM CNN,5,,11,64,0.4937,0.521,1.041,0.9993,0.0001
HybridAdamSDG,QUANTUM CNN,5,,12,65,0.5131,0.528,1.0208,0.9928,0.0001
HybridAdamSDG,QUANTUM CNN,5,,13,65,0.5107,0.5464,1.0188,0.9776,0.0001
HybridAdamSDG,QUANTUM CNN,5,,14,65,0.5247,0.5814,1.008,0.9571,0.0001
HybridAdamSDG,QUANTUM CNN,5,,15,65,0.5247,0.5841,1.0077,0.9475,0.0001
HybridAdamSDG,QUANTUM CNN,5,,16,65,0.5405,0.6278,0.994,0.9164,0.0001
HybridAdamSDG,QUANTUM CNN,5,,17,64,0.5602,0.6033,0.9807,0.9225,0.0001
HybridAdamSDG,QUANTUM CNN,5,,18,66,0.5571,0.6419,0.9805,0.9182,0.0001
HybridAdamSDG,QUANTUM CNN,5,,19,65,0.5801,0.655,0.9766,0.8772,0.0001
HybridAdamSDG,QUANTUM CNN,5,,20,67,0.577,0.6454,0.9599,0.8887,0.0001
HybridAdamSDG,QUANTUM CNN,5,,21,66,0.5818,0.6699,0.9545,0.8585,0.0001
HybridAdamSDG,QUANTUM CNN,5,,22,65,0.5877,0.6226,0.9433,0.9003,0.0001
HybridAdamSDG,QUANTUM CNN,5,,23,64,0.5891,0.6585,0.9383,0.8577,0.0001
HybridAdamSDG,QUANTUM CNN,5,,24,64,0.6123,0.6506,0.9114,0.8784,0.0001
HybridAdamSDG,QUANTUM CNN,5,,25,64,0.6085,0.6602,0.9129,0.8601,0.0001
HybridAdamSDG,QUANTUM CNN,5,,26,65,0.6011,0.6856,0.9098,0.8278,0.0001
HybridAdamSDG,QUANTUM CNN,5,,27,65,0.6234,0.6944,0.8922,0.8079,0.0001
HybridAdamSDG,QUANTUM CNN,5,,28,64,0.6193,0.683,0.8885,0.8272,0.0001
HybridAdamSDG,QUANTUM CNN,5,,29,65,0.6319,0.704,0.8808,0.7995,0.0001
HybridAdamSDG,QUANTUM CNN,5,,30,67,0.6319,0.7005,0.8748,0.7943,0.0001